COMMUNE_NOM,COLL_INSEE,TYPE_EVENEMENT,ANNEE,DATE_EVENEMENT,NOMBRE_EVENEMENT
NEUVILLE-SAINT-REMY,59428,MARIAGE,2016,20161224,1
NEUVILLE-SAINT-REMY,59428,MARIAGE,2016,20161212,1
NEUVILLE-SAINT-REMY,59428,MARIAGE,2016,20161202,1
NEUVILLE-SAINT-REMY,59428,MARIAGE,2016,20160917,1
NEUVILLE-SAINT-REMY,59428,MARIAGE,2016,20160910,2
NEUVILLE-SAINT-REMY,59428,MARIAGE,2016,20160715,1
NEUVILLE-SAINT-REMY,59428,MARIAGE,2016,20160625,2
NEUVILLE-SAINT-REMY,59428,MARIAGE,2016,20160514,2
NEUVILLE-SAINT-REMY,59428,MARIAGE,2016,20160507,1
NEUVILLE-SAINT-REMY,59428,MARIAGE,2016,20160423,1
NEUVILLE-SAINT-REMY,59428,MARIAGE,2016,20160416,1
NEUVILLE-SAINT-REMY,59428,MARIAGE,2016,20160326,1
NEUVILLE-SAINT-REMY,59428,MARIAGE,2016,20160205,1
NEUVILLE-SAINT-REMY,59428,MARIAGE,2015,20150926,1
NEUVILLE-SAINT-REMY,59428,MARIAGE,2015,20150919,1
NEUVILLE-SAINT-REMY,59428,MARIAGE,2015,20150912,1
NEUVILLE-SAINT-REMY,59428,MARIAGE,2015,20150905,1
NEUVILLE-SAINT-REMY,59428,MARIAGE,2015,20150829,2
NEUVILLE-SAINT-REMY,59428,MARIAGE,2015,20150822,1
NEUVILLE-SAINT-REMY,59428,MARIAGE,2015,20150812,1
NEUVILLE-SAINT-REMY,59428,MARIAGE,2015,20150725,1
NEUVILLE-SAINT-REMY,59428,MARIAGE,2015,20150718,1
NEUVILLE-SAINT-REMY,59428,MARIAGE,2015,20150606,1
NEUVILLE-SAINT-REMY,59428,MARIAGE,2015,20150425,1
NEUVILLE-SAINT-REMY,59428,MARIAGE,2014,20141129,1
NEUVILLE-SAINT-REMY,59428,MARIAGE,2014,20141115,1
NEUVILLE-SAINT-REMY,59428,MARIAGE,2014,20140906,2
NEUVILLE-SAINT-REMY,59428,MARIAGE,2014,20140830,1
NEUVILLE-SAINT-REMY,59428,MARIAGE,2014,20140726,1
NEUVILLE-SAINT-REMY,59428,MARIAGE,2014,20140719,1
NEUVILLE-SAINT-REMY,59428,MARIAGE,2014,20140621,2
NEUVILLE-SAINT-REMY,59428,MARIAGE,2014,20140524,1
NEUVILLE-SAINT-REMY,59428,MARIAGE,2014,20140517,1
NEUVILLE-SAINT-REMY,59428,MARIAGE,2014,20140510,1
NEUVILLE-SAINT-REMY,59428,MARIAGE,2014,20140503,1
NEUVILLE-SAINT-REMY,59428,MARIAGE,2013,20131130,1
NEUVILLE-SAINT-REMY,59428,MARIAGE,2013,20131116,1
NEUVILLE-SAINT-REMY,59428,MARIAGE,2013,20131012,1
NEUVILLE-SAINT-REMY,59428,MARIAGE,2013,20130928,1
NEUVILLE-SAINT-REMY,59428,MARIAGE,2013,20130801,1
NEUVILLE-SAINT-REMY,59428,MARIAGE,2013,20130727,1
NEUVILLE-SAINT-REMY,59428,MARIAGE,2013,20130720,1
NEUVILLE-SAINT-REMY,59428,MARIAGE,2013,20130713,1
NEUVILLE-SAINT-REMY,59428,MARIAGE,2013,20130615,1
NEUVILLE-SAINT-REMY,59428,MARIAGE,2013,20130504,1
NEUVILLE-SAINT-REMY,59428,MARIAGE,2012,20121013,1
NEUVILLE-SAINT-REMY,59428,MARIAGE,2012,20120922,2
NEUVILLE-SAINT-REMY,59428,MARIAGE,2012,20120915,1
NEUVILLE-SAINT-REMY,59428,MARIAGE,2012,20120908,1
NEUVILLE-SAINT-REMY,59428,MARIAGE,2012,20120901,1
NEUVILLE-SAINT-REMY,59428,MARIAGE,2012,20120818,1
NEUVILLE-SAINT-REMY,59428,MARIAGE,2012,20120811,1
NEUVILLE-SAINT-REMY,59428,MARIAGE,2012,20120804,1
NEUVILLE-SAINT-REMY,59428,MARIAGE,2012,20120721,3
NEUVILLE-SAINT-REMY,59428,MARIAGE,2012,20120616,1
NEUVILLE-SAINT-REMY,59428,MARIAGE,2012,20120526,1
NEUVILLE-SAINT-REMY,59428,MARIAGE,2012,20120512,1
NEUVILLE-SAINT-REMY,59428,MARIAGE,2012,20120310,1
NEUVILLE-SAINT-REMY,59428,MARIAGE,2012,20120107,1
NEUVILLE-SAINT-REMY,59428,MARIAGE,2011,20111022,1
NEUVILLE-SAINT-REMY,59428,MARIAGE,2011,20111001,1
NEUVILLE-SAINT-REMY,59428,MARIAGE,2011,20110820,1
NEUVILLE-SAINT-REMY,59428,MARIAGE,2011,20110806,1
NEUVILLE-SAINT-REMY,59428,MARIAGE,2011,20110716,3
NEUVILLE-SAINT-REMY,59428,MARIAGE,2011,20110611,1
NEUVILLE-SAINT-REMY,59428,MARIAGE,2011,20110514,1
NEUVILLE-SAINT-REMY,59428,MARIAGE,2010,20101204,1
NEUVILLE-SAINT-REMY,59428,MARIAGE,2010,20101023,1
NEUVILLE-SAINT-REMY,59428,MARIAGE,2010,20100925,1
NEUVILLE-SAINT-REMY,59428,MARIAGE,2010,20100918,2
NEUVILLE-SAINT-REMY,59428,MARIAGE,2010,20100807,1
NEUVILLE-SAINT-REMY,59428,MARIAGE,2010,20100707,1
NEUVILLE-SAINT-REMY,59428,MARIAGE,2010,20100703,1
NEUVILLE-SAINT-REMY,59428,MARIAGE,2010,20100626,1
NEUVILLE-SAINT-REMY,59428,MARIAGE,2010,20100424,1
NEUVILLE-SAINT-REMY,59428,MARIAGE,2010,20100410,1
NEUVILLE-SAINT-REMY,59428,MARIAGE,2010,20100324,1
NEUVILLE-SAINT-REMY,59428,MARIAGE,2009,20091222,1
NEUVILLE-SAINT-REMY,59428,MARIAGE,2009,20091010,1
NEUVILLE-SAINT-REMY,59428,MARIAGE,2009,20090905,2
NEUVILLE-SAINT-REMY,59428,MARIAGE,2009,20090824,1
NEUVILLE-SAINT-REMY,59428,MARIAGE,2009,20090808,1
NEUVILLE-SAINT-REMY,59428,MARIAGE,2009,20090801,2
NEUVILLE-SAINT-REMY,59428,MARIAGE,2009,20090721,1
NEUVILLE-SAINT-REMY,59428,MARIAGE,2009,20090718,1
NEUVILLE-SAINT-REMY,59428,MARIAGE,2009,20090711,1
NEUVILLE-SAINT-REMY,59428,MARIAGE,2009,20090704,1
NEUVILLE-SAINT-REMY,59428,MARIAGE,2009,20090701,1
NEUVILLE-SAINT-REMY,59428,MARIAGE,2009,20090627,1
NEUVILLE-SAINT-REMY,59428,MARIAGE,2009,20090606,1
NEUVILLE-SAINT-REMY,59428,MARIAGE,2009,20090528,1
NEUVILLE-SAINT-REMY,59428,MARIAGE,2009,20090509,1
NEUVILLE-SAINT-REMY,59428,MARIAGE,2009,20090425,1
NEUVILLE-SAINT-REMY,59428,MARIAGE,2009,20090321,1
NEUVILLE-SAINT-REMY,59428,MARIAGE,2009,20090221,1
NEUVILLE-SAINT-REMY,59428,MARIAGE,2009,20090214,1
NEUVILLE-SAINT-REMY,59428,MARIAGE,2009,20090130,1
NEUVILLE-SAINT-REMY,59428,MARIAGE,2009,20090121,1
NEUVILLE-SAINT-REMY,59428,MARIAGE,2008,20081227,1
NEUVILLE-SAINT-REMY,59428,MARIAGE,2008,20081206,1
NEUVILLE-SAINT-REMY,59428,MARIAGE,2008,20081004,1
NEUVILLE-SAINT-REMY,59428,MARIAGE,2008,20080927,1
NEUVILLE-SAINT-REMY,59428,MARIAGE,2008,20080913,1
NEUVILLE-SAINT-REMY,59428,MARIAGE,2008,20080830,1
NEUVILLE-SAINT-REMY,59428,MARIAGE,2008,20080802,3
NEUVILLE-SAINT-REMY,59428,MARIAGE,2008,20080726,1
NEUVILLE-SAINT-REMY,59428,MARIAGE,2008,20080719,1
NEUVILLE-SAINT-REMY,59428,MARIAGE,2008,20080628,1
NEUVILLE-SAINT-REMY,59428,MARIAGE,2008,20080607,1
NEUVILLE-SAINT-REMY,59428,MARIAGE,2008,20080426,1
NEUVILLE-SAINT-REMY,59428,MARIAGE,2008,20080308,1
NEUVILLE-SAINT-REMY,59428,MARIAGE,2008,20080216,1
NEUVILLE-SAINT-REMY,59428,MARIAGE,2007,20071006,1
NEUVILLE-SAINT-REMY,59428,MARIAGE,2007,20070915,1
NEUVILLE-SAINT-REMY,59428,MARIAGE,2007,20070901,3
NEUVILLE-SAINT-REMY,59428,MARIAGE,2007,20070728,1
NEUVILLE-SAINT-REMY,59428,MARIAGE,2007,20070721,4
NEUVILLE-SAINT-REMY,59428,MARIAGE,2007,20070706,1
NEUVILLE-SAINT-REMY,59428,MARIAGE,2007,20070630,2
NEUVILLE-SAINT-REMY,59428,MARIAGE,2007,20070623,1
NEUVILLE-SAINT-REMY,59428,MARIAGE,2007,20070609,1
NEUVILLE-SAINT-REMY,59428,MARIAGE,2007,20070606,1
NEUVILLE-SAINT-REMY,59428,MARIAGE,2007,20070526,1
NEUVILLE-SAINT-REMY,59428,MARIAGE,2007,20070512,1
NEUVILLE-SAINT-REMY,59428,MARIAGE,2007,20070505,1
NEUVILLE-SAINT-REMY,59428,MARIAGE,2007,20070324,2
NEUVILLE-SAINT-REMY,59428,MARIAGE,2007,20070303,1
NEUVILLE-SAINT-REMY,59428,MARIAGE,2007,20070203,1
NEUVILLE-SAINT-REMY,59428,MARIAGE,2006,20061202,1
NEUVILLE-SAINT-REMY,59428,MARIAGE,2006,20060909,1
NEUVILLE-SAINT-REMY,59428,MARIAGE,2006,20060729,1
NEUVILLE-SAINT-REMY,59428,MARIAGE,2006,20060715,1
NEUVILLE-SAINT-REMY,59428,MARIAGE,2006,20060708,1
NEUVILLE-SAINT-REMY,59428,MARIAGE,2006,20060701,2
NEUVILLE-SAINT-REMY,59428,MARIAGE,2006,20060617,1
NEUVILLE-SAINT-REMY,59428,MARIAGE,2006,20060610,2
NEUVILLE-SAINT-REMY,59428,MARIAGE,2006,20060401,1
NEUVILLE-SAINT-REMY,59428,MARIAGE,2006,20060121,1
NEUVILLE-SAINT-REMY,59428,MARIAGE,2005,20051029,1
NEUVILLE-SAINT-REMY,59428,MARIAGE,2005,20050910,1
NEUVILLE-SAINT-REMY,59428,MARIAGE,2005,20050827,2
NEUVILLE-SAINT-REMY,59428,MARIAGE,2005,20050723,1
NEUVILLE-SAINT-REMY,59428,MARIAGE,2005,20050716,3
NEUVILLE-SAINT-REMY,59428,MARIAGE,2005,20050702,3
NEUVILLE-SAINT-REMY,59428,MARIAGE,2005,20050618,2
NEUVILLE-SAINT-REMY,59428,MARIAGE,2005,20050611,2
NEUVILLE-SAINT-REMY,59428,MARIAGE,2005,20050604,1
NEUVILLE-SAINT-REMY,59428,MARIAGE,2005,20050514,1
NEUVILLE-SAINT-REMY,59428,MARIAGE,2005,20050430,1
NEUVILLE-SAINT-REMY,59428,MARIAGE,2005,20050326,1
NEUVILLE-SAINT-REMY,59428,MARIAGE,2005,20050115,1
NEUVILLE-SAINT-REMY,59428,MARIAGE,2005,20050108,1
NEUVILLE-SAINT-REMY,59428,MARIAGE,2004,20041023,2
NEUVILLE-SAINT-REMY,59428,MARIAGE,2004,20040911,1
NEUVILLE-SAINT-REMY,59428,MARIAGE,2004,20040821,3
NEUVILLE-SAINT-REMY,59428,MARIAGE,2004,20040814,1
NEUVILLE-SAINT-REMY,59428,MARIAGE,2004,20040807,1
NEUVILLE-SAINT-REMY,59428,MARIAGE,2004,20040724,1
NEUVILLE-SAINT-REMY,59428,MARIAGE,2004,20040723,1
NEUVILLE-SAINT-REMY,59428,MARIAGE,2004,20040710,1
NEUVILLE-SAINT-REMY,59428,MARIAGE,2004,20040703,1
NEUVILLE-SAINT-REMY,59428,MARIAGE,2004,20040612,2
NEUVILLE-SAINT-REMY,59428,MARIAGE,2004,20040605,2
NEUVILLE-SAINT-REMY,59428,MARIAGE,2004,20040515,2
NEUVILLE-SAINT-REMY,59428,MARIAGE,2004,20040410,3
NEUVILLE-SAINT-REMY,59428,MARIAGE,2004,20040214,1
NEUVILLE-SAINT-REMY,59428,MARIAGE,2003,20031206,1
NEUVILLE-SAINT-REMY,59428,MARIAGE,2003,20031018,1
NEUVILLE-SAINT-REMY,59428,MARIAGE,2003,20030927,1
NEUVILLE-SAINT-REMY,59428,MARIAGE,2003,20030913,1
NEUVILLE-SAINT-REMY,59428,MARIAGE,2003,20030906,1
NEUVILLE-SAINT-REMY,59428,MARIAGE,2003,20030830,1
NEUVILLE-SAINT-REMY,59428,MARIAGE,2003,20030816,2
NEUVILLE-SAINT-REMY,59428,MARIAGE,2003,20030809,1
NEUVILLE-SAINT-REMY,59428,MARIAGE,2003,20030719,1
NEUVILLE-SAINT-REMY,59428,MARIAGE,2003,20030712,1
NEUVILLE-SAINT-REMY,59428,MARIAGE,2003,20030705,2
NEUVILLE-SAINT-REMY,59428,MARIAGE,2003,20030614,1
NEUVILLE-SAINT-REMY,59428,MARIAGE,2003,20030426,1
NEUVILLE-SAINT-REMY,59428,MARIAGE,2003,20030405,1
NEUVILLE-SAINT-REMY,59428,MARIAGE,2002,20020914,1
NEUVILLE-SAINT-REMY,59428,MARIAGE,2002,20020824,1
NEUVILLE-SAINT-REMY,59428,MARIAGE,2002,20020803,2
NEUVILLE-SAINT-REMY,59428,MARIAGE,2002,20020729,1
NEUVILLE-SAINT-REMY,59428,MARIAGE,2002,20020727,3
NEUVILLE-SAINT-REMY,59428,MARIAGE,2002,20020706,1
NEUVILLE-SAINT-REMY,59428,MARIAGE,2002,20020629,2
NEUVILLE-SAINT-REMY,59428,MARIAGE,2002,20020625,1
NEUVILLE-SAINT-REMY,59428,MARIAGE,2002,20020615,1
NEUVILLE-SAINT-REMY,59428,MARIAGE,2002,20020608,2
NEUVILLE-SAINT-REMY,59428,MARIAGE,2002,20020602,1
NEUVILLE-SAINT-REMY,59428,MARIAGE,2002,20020511,1
NEUVILLE-SAINT-REMY,59428,MARIAGE,2002,20020420,1
NEUVILLE-SAINT-REMY,59428,MARIAGE,2002,20020330,1
NEUVILLE-SAINT-REMY,59428,MARIAGE,2001,20011222,1
NEUVILLE-SAINT-REMY,59428,MARIAGE,2001,20011201,1
NEUVILLE-SAINT-REMY,59428,MARIAGE,2001,20011117,1
NEUVILLE-SAINT-REMY,59428,MARIAGE,2001,20011103,1
NEUVILLE-SAINT-REMY,59428,MARIAGE,2001,20011013,1
NEUVILLE-SAINT-REMY,59428,MARIAGE,2001,20010915,1
NEUVILLE-SAINT-REMY,59428,MARIAGE,2001,20010908,1
NEUVILLE-SAINT-REMY,59428,MARIAGE,2001,20010901,1
NEUVILLE-SAINT-REMY,59428,MARIAGE,2001,20010811,1
NEUVILLE-SAINT-REMY,59428,MARIAGE,2001,20010721,1
NEUVILLE-SAINT-REMY,59428,MARIAGE,2001,20010707,2
NEUVILLE-SAINT-REMY,59428,MARIAGE,2001,20010630,2
NEUVILLE-SAINT-REMY,59428,MARIAGE,2001,20010623,3
NEUVILLE-SAINT-REMY,59428,MARIAGE,2001,20010616,2
NEUVILLE-SAINT-REMY,59428,MARIAGE,2001,20010609,2
NEUVILLE-SAINT-REMY,59428,MARIAGE,2001,20010602,1
NEUVILLE-SAINT-REMY,59428,MARIAGE,2001,20010519,1
NEUVILLE-SAINT-REMY,59428,MARIAGE,2001,20010428,1
NEUVILLE-SAINT-REMY,59428,MARIAGE,2001,20010421,1
NEUVILLE-SAINT-REMY,59428,MARIAGE,2001,20010331,1
NEUVILLE-SAINT-REMY,59428,MARIAGE,2001,20010324,1
NEUVILLE-SAINT-REMY,59428,MARIAGE,2001,20010127,1
NEUVILLE-SAINT-REMY,59428,MARIAGE,2001,20010120,1
NEUVILLE-SAINT-REMY,59428,MARIAGE,2000,20001223,1
NEUVILLE-SAINT-REMY,59428,MARIAGE,2000,20001209,1
NEUVILLE-SAINT-REMY,59428,MARIAGE,2000,20001125,1
NEUVILLE-SAINT-REMY,59428,MARIAGE,2000,20001021,1
NEUVILLE-SAINT-REMY,59428,MARIAGE,2000,20001007,1
NEUVILLE-SAINT-REMY,59428,MARIAGE,2000,20000923,1
NEUVILLE-SAINT-REMY,59428,MARIAGE,2000,20000916,3
NEUVILLE-SAINT-REMY,59428,MARIAGE,2000,20000909,1
NEUVILLE-SAINT-REMY,59428,MARIAGE,2000,20000826,1
NEUVILLE-SAINT-REMY,59428,MARIAGE,2000,20000819,1
NEUVILLE-SAINT-REMY,59428,MARIAGE,2000,20000812,1
NEUVILLE-SAINT-REMY,59428,MARIAGE,2000,20000805,1
NEUVILLE-SAINT-REMY,59428,MARIAGE,2000,20000722,1
NEUVILLE-SAINT-REMY,59428,MARIAGE,2000,20000715,1
NEUVILLE-SAINT-REMY,59428,MARIAGE,2000,20000603,1
NEUVILLE-SAINT-REMY,59428,MARIAGE,2000,20000527,1
NEUVILLE-SAINT-REMY,59428,MARIAGE,2000,20000520,1
NEUVILLE-SAINT-REMY,59428,MARIAGE,2000,20000506,1
NEUVILLE-SAINT-REMY,59428,MARIAGE,2000,20000429,1
NEUVILLE-SAINT-REMY,59428,MARIAGE,2000,20000428,1
NEUVILLE-SAINT-REMY,59428,MARIAGE,2000,20000422,1
NEUVILLE-SAINT-REMY,59428,MARIAGE,2000,20000115,1
NEUVILLE-SAINT-REMY,59428,MARIAGE,1999,19991231,1
NEUVILLE-SAINT-REMY,59428,MARIAGE,1999,19991204,1
NEUVILLE-SAINT-REMY,59428,MARIAGE,1999,19991106,1
NEUVILLE-SAINT-REMY,59428,MARIAGE,1999,19990918,2
NEUVILLE-SAINT-REMY,59428,MARIAGE,1999,19990911,1
NEUVILLE-SAINT-REMY,59428,MARIAGE,1999,19990904,1
NEUVILLE-SAINT-REMY,59428,MARIAGE,1999,19990828,1
NEUVILLE-SAINT-REMY,59428,MARIAGE,1999,19990731,1
NEUVILLE-SAINT-REMY,59428,MARIAGE,1999,19990724,3
NEUVILLE-SAINT-REMY,59428,MARIAGE,1999,19990710,3
NEUVILLE-SAINT-REMY,59428,MARIAGE,1999,19990703,2
NEUVILLE-SAINT-REMY,59428,MARIAGE,1999,19990626,2
NEUVILLE-SAINT-REMY,59428,MARIAGE,1999,19990619,2
NEUVILLE-SAINT-REMY,59428,MARIAGE,1999,19990605,1
NEUVILLE-SAINT-REMY,59428,MARIAGE,1999,19990522,1
NEUVILLE-SAINT-REMY,59428,MARIAGE,1999,19990515,2
NEUVILLE-SAINT-REMY,59428,MARIAGE,1999,19990417,2
NEUVILLE-SAINT-REMY,59428,MARIAGE,1998,19981212,2
NEUVILLE-SAINT-REMY,59428,MARIAGE,1998,19981205,1
NEUVILLE-SAINT-REMY,59428,MARIAGE,1998,19981114,2
NEUVILLE-SAINT-REMY,59428,MARIAGE,1998,19981107,1
NEUVILLE-SAINT-REMY,59428,MARIAGE,1998,19980926,1
NEUVILLE-SAINT-REMY,59428,MARIAGE,1998,19980912,1
NEUVILLE-SAINT-REMY,59428,MARIAGE,1998,19980905,1
NEUVILLE-SAINT-REMY,59428,MARIAGE,1998,19980829,1
NEUVILLE-SAINT-REMY,59428,MARIAGE,1998,19980822,1
NEUVILLE-SAINT-REMY,59428,MARIAGE,1998,19980808,2
NEUVILLE-SAINT-REMY,59428,MARIAGE,1998,19980801,1
NEUVILLE-SAINT-REMY,59428,MARIAGE,1998,19980718,1
NEUVILLE-SAINT-REMY,59428,MARIAGE,1998,19980711,2
NEUVILLE-SAINT-REMY,59428,MARIAGE,1998,19980613,3
NEUVILLE-SAINT-REMY,59428,MARIAGE,1998,19980502,1
NEUVILLE-SAINT-REMY,59428,MARIAGE,1998,19980418,1
NEUVILLE-SAINT-REMY,59428,MARIAGE,1998,19980404,1
NEUVILLE-SAINT-REMY,59428,MARIAGE,1998,19980110,1
NEUVILLE-SAINT-REMY,59428,MARIAGE,1997,19971115,1
NEUVILLE-SAINT-REMY,59428,MARIAGE,1997,19970927,1
NEUVILLE-SAINT-REMY,59428,MARIAGE,1997,19970809,1
NEUVILLE-SAINT-REMY,59428,MARIAGE,1997,19970802,2
NEUVILLE-SAINT-REMY,59428,MARIAGE,1997,19970726,1
NEUVILLE-SAINT-REMY,59428,MARIAGE,1997,19970719,1
NEUVILLE-SAINT-REMY,59428,MARIAGE,1997,19970712,2
NEUVILLE-SAINT-REMY,59428,MARIAGE,1997,19970704,1
NEUVILLE-SAINT-REMY,59428,MARIAGE,1997,19970621,1
NEUVILLE-SAINT-REMY,59428,MARIAGE,1997,19970605,1
NEUVILLE-SAINT-REMY,59428,MARIAGE,1997,19970510,2
NEUVILLE-SAINT-REMY,59428,MARIAGE,1997,19970426,1
NEUVILLE-SAINT-REMY,59428,MARIAGE,1997,19970412,1
NEUVILLE-SAINT-REMY,59428,MARIAGE,1997,19970228,1
NEUVILLE-SAINT-REMY,59428,MARIAGE,1997,19970208,1
NEUVILLE-SAINT-REMY,59428,MARIAGE,1997,19970111,1
NEUVILLE-SAINT-REMY,59428,MARIAGE,1996,19961224,1
NEUVILLE-SAINT-REMY,59428,MARIAGE,1996,19961012,1
NEUVILLE-SAINT-REMY,59428,MARIAGE,1996,19960928,2
NEUVILLE-SAINT-REMY,59428,MARIAGE,1996,19960921,1
NEUVILLE-SAINT-REMY,59428,MARIAGE,1996,19960907,1
NEUVILLE-SAINT-REMY,59428,MARIAGE,1996,19960831,2
NEUVILLE-SAINT-REMY,59428,MARIAGE,1996,19960729,1
NEUVILLE-SAINT-REMY,59428,MARIAGE,1996,19960720,3
NEUVILLE-SAINT-REMY,59428,MARIAGE,1996,19960706,2
NEUVILLE-SAINT-REMY,59428,MARIAGE,1996,19960629,5
NEUVILLE-SAINT-REMY,59428,MARIAGE,1996,19960330,1
NEUVILLE-SAINT-REMY,59428,MARIAGE,1996,19960322,1
NEUVILLE-SAINT-REMY,59428,MARIAGE,1996,19960210,1
NEUVILLE-SAINT-REMY,59428,MARIAGE,1995,19951223,1
NEUVILLE-SAINT-REMY,59428,MARIAGE,1995,19951222,1
NEUVILLE-SAINT-REMY,59428,MARIAGE,1995,19950923,1
NEUVILLE-SAINT-REMY,59428,MARIAGE,1995,19950902,3
NEUVILLE-SAINT-REMY,59428,MARIAGE,1995,19950826,1
NEUVILLE-SAINT-REMY,59428,MARIAGE,1995,19950811,1
NEUVILLE-SAINT-REMY,59428,MARIAGE,1995,19950729,2
NEUVILLE-SAINT-REMY,59428,MARIAGE,1995,19950722,2
NEUVILLE-SAINT-REMY,59428,MARIAGE,1995,19950701,2
NEUVILLE-SAINT-REMY,59428,MARIAGE,1995,19950624,1
NEUVILLE-SAINT-REMY,59428,MARIAGE,1995,19950617,1
NEUVILLE-SAINT-REMY,59428,MARIAGE,1995,19950603,1
NEUVILLE-SAINT-REMY,59428,MARIAGE,1995,19950527,1
NEUVILLE-SAINT-REMY,59428,MARIAGE,1995,19950513,1
NEUVILLE-SAINT-REMY,59428,MARIAGE,1995,19950408,1
NEUVILLE-SAINT-REMY,59428,MARIAGE,1995,19950128,1
NEUVILLE-SAINT-REMY,59428,MARIAGE,1994,19941224,2
NEUVILLE-SAINT-REMY,59428,MARIAGE,1994,19941022,1
NEUVILLE-SAINT-REMY,59428,MARIAGE,1994,19940924,1
NEUVILLE-SAINT-REMY,59428,MARIAGE,1994,19940827,1
NEUVILLE-SAINT-REMY,59428,MARIAGE,1994,19940806,1
NEUVILLE-SAINT-REMY,59428,MARIAGE,1994,19940723,2
NEUVILLE-SAINT-REMY,59428,MARIAGE,1994,19940723,2
NEUVILLE-SAINT-REMY,59428,MARIAGE,1994,19940716,1
NEUVILLE-SAINT-REMY,59428,MARIAGE,1994,19940702,1
NEUVILLE-SAINT-REMY,59428,MARIAGE,1994,19940618,1
NEUVILLE-SAINT-REMY,59428,MARIAGE,1994,19940611,1
NEUVILLE-SAINT-REMY,59428,MARIAGE,1994,19940604,1
NEUVILLE-SAINT-REMY,59428,MARIAGE,1994,19940122,1
NEUVILLE-SAINT-REMY,59428,MARIAGE,1993,19931220,1
NEUVILLE-SAINT-REMY,59428,MARIAGE,1993,19930925,1
NEUVILLE-SAINT-REMY,59428,MARIAGE,1993,19930904,2
NEUVILLE-SAINT-REMY,59428,MARIAGE,1993,19930904,2
NEUVILLE-SAINT-REMY,59428,MARIAGE,1993,19930731,3
NEUVILLE-SAINT-REMY,59428,MARIAGE,1993,19930731,3
NEUVILLE-SAINT-REMY,59428,MARIAGE,1993,19930717,1
NEUVILLE-SAINT-REMY,59428,MARIAGE,1993,19930710,1
NEUVILLE-SAINT-REMY,59428,MARIAGE,1993,19930619,1
NEUVILLE-SAINT-REMY,59428,MARIAGE,1993,19930612,1
NEUVILLE-SAINT-REMY,59428,MARIAGE,1993,19930605,1
NEUVILLE-SAINT-REMY,59428,MARIAGE,1993,19930529,1
NEUVILLE-SAINT-REMY,59428,MARIAGE,1993,19930424,1
NEUVILLE-SAINT-REMY,59428,MARIAGE,1993,19930306,1
NEUVILLE-SAINT-REMY,59428,MARIAGE,1992,19921219,3
NEUVILLE-SAINT-REMY,59428,MARIAGE,1992,19920926,1
NEUVILLE-SAINT-REMY,59428,MARIAGE,1992,19920905,1
NEUVILLE-SAINT-REMY,59428,MARIAGE,1992,19920829,1
NEUVILLE-SAINT-REMY,59428,MARIAGE,1992,19920822,1
NEUVILLE-SAINT-REMY,59428,MARIAGE,1992,19920808,1
NEUVILLE-SAINT-REMY,59428,MARIAGE,1992,19920718,1
NEUVILLE-SAINT-REMY,59428,MARIAGE,1992,19920711,2
NEUVILLE-SAINT-REMY,59428,MARIAGE,1992,19920704,1
NEUVILLE-SAINT-REMY,59428,MARIAGE,1992,19920613,1
NEUVILLE-SAINT-REMY,59428,MARIAGE,1992,19920606,1
NEUVILLE-SAINT-REMY,59428,MARIAGE,1992,19920418,1
NEUVILLE-SAINT-REMY,59428,MARIAGE,1992,19920404,1
NEUVILLE-SAINT-REMY,59428,MARIAGE,1992,19920316,1
NEUVILLE-SAINT-REMY,59428,MARIAGE,1992,19920215,1
NEUVILLE-SAINT-REMY,59428,MARIAGE,1991,19911227,1
NEUVILLE-SAINT-REMY,59428,MARIAGE,1991,19911207,1
NEUVILLE-SAINT-REMY,59428,MARIAGE,1991,19911025,1
NEUVILLE-SAINT-REMY,59428,MARIAGE,1991,19910914,1
NEUVILLE-SAINT-REMY,59428,MARIAGE,1991,19910831,1
NEUVILLE-SAINT-REMY,59428,MARIAGE,1991,19910720,2
NEUVILLE-SAINT-REMY,59428,MARIAGE,1991,19910706,1
NEUVILLE-SAINT-REMY,59428,MARIAGE,1991,19910629,2
NEUVILLE-SAINT-REMY,59428,MARIAGE,1991,19910628,1
NEUVILLE-SAINT-REMY,59428,MARIAGE,1991,19910622,1
NEUVILLE-SAINT-REMY,59428,MARIAGE,1991,19910615,1
NEUVILLE-SAINT-REMY,59428,MARIAGE,1991,19910527,1
NEUVILLE-SAINT-REMY,59428,MARIAGE,1991,19910420,2
NEUVILLE-SAINT-REMY,59428,MARIAGE,1991,19910406,1
NEUVILLE-SAINT-REMY,59428,MARIAGE,1991,19910330,1
NEUVILLE-SAINT-REMY,59428,MARIAGE,1991,19910316,1
NEUVILLE-SAINT-REMY,59428,MARIAGE,1991,19910216,1
NEUVILLE-SAINT-REMY,59428,MARIAGE,1990,19901020,1
NEUVILLE-SAINT-REMY,59428,MARIAGE,1990,19900908,2
NEUVILLE-SAINT-REMY,59428,MARIAGE,1990,19900818,1
NEUVILLE-SAINT-REMY,59428,MARIAGE,1990,19900804,1
NEUVILLE-SAINT-REMY,59428,MARIAGE,1990,19900728,1
NEUVILLE-SAINT-REMY,59428,MARIAGE,1990,19900721,1
NEUVILLE-SAINT-REMY,59428,MARIAGE,1990,19900707,3
NEUVILLE-SAINT-REMY,59428,MARIAGE,1990,19900707,3
NEUVILLE-SAINT-REMY,59428,MARIAGE,1990,19900705,1
NEUVILLE-SAINT-REMY,59428,MARIAGE,1990,19900630,3
NEUVILLE-SAINT-REMY,59428,MARIAGE,1990,19900623,2
NEUVILLE-SAINT-REMY,59428,MARIAGE,1990,19900623,2
NEUVILLE-SAINT-REMY,59428,MARIAGE,1990,19900421,1
NEUVILLE-SAINT-REMY,59428,MARIAGE,1990,19900414,1
NEUVILLE-SAINT-REMY,59428,MARIAGE,1990,19900407,1
NEUVILLE-SAINT-REMY,59428,MARIAGE,1990,19900324,1
NEUVILLE-SAINT-REMY,59428,MARIAGE,1990,19900203,1
NEUVILLE-SAINT-REMY,59428,MARIAGE,1989,19891021,1
NEUVILLE-SAINT-REMY,59428,MARIAGE,1989,19891007,1
NEUVILLE-SAINT-REMY,59428,MARIAGE,1989,19890930,1
NEUVILLE-SAINT-REMY,59428,MARIAGE,1989,19890909,1
NEUVILLE-SAINT-REMY,59428,MARIAGE,1989,19890902,1
NEUVILLE-SAINT-REMY,59428,MARIAGE,1989,19890826,1
NEUVILLE-SAINT-REMY,59428,MARIAGE,1989,19890819,1
NEUVILLE-SAINT-REMY,59428,MARIAGE,1989,19890812,1
NEUVILLE-SAINT-REMY,59428,MARIAGE,1989,19890805,1
NEUVILLE-SAINT-REMY,59428,MARIAGE,1989,19890708,1
NEUVILLE-SAINT-REMY,59428,MARIAGE,1989,19890701,1
NEUVILLE-SAINT-REMY,59428,MARIAGE,1989,19890624,2
NEUVILLE-SAINT-REMY,59428,MARIAGE,1989,19890624,2
NEUVILLE-SAINT-REMY,59428,MARIAGE,1989,19890527,1
NEUVILLE-SAINT-REMY,59428,MARIAGE,1989,19890422,2
NEUVILLE-SAINT-REMY,59428,MARIAGE,1989,19890408,1
NEUVILLE-SAINT-REMY,59428,MARIAGE,1989,19890311,1
NEUVILLE-SAINT-REMY,59428,MARIAGE,1989,19890121,1
NEUVILLE-SAINT-REMY,59428,MARIAGE,1988,19881224,1
NEUVILLE-SAINT-REMY,59428,MARIAGE,1988,19881215,1
NEUVILLE-SAINT-REMY,59428,MARIAGE,1988,19881105,1
NEUVILLE-SAINT-REMY,59428,MARIAGE,1988,19881022,1
NEUVILLE-SAINT-REMY,59428,MARIAGE,1988,19880924,1
NEUVILLE-SAINT-REMY,59428,MARIAGE,1988,19880903,3
NEUVILLE-SAINT-REMY,59428,MARIAGE,1986,19880903,3
NEUVILLE-SAINT-REMY,59428,MARIAGE,1988,19880727,1
NEUVILLE-SAINT-REMY,59428,MARIAGE,1988,19880716,2
NEUVILLE-SAINT-REMY,59428,MARIAGE,1988,19880709,2
NEUVILLE-SAINT-REMY,59428,MARIAGE,1988,19880625,2
NEUVILLE-SAINT-REMY,59428,MARIAGE,1988,19880625,2
NEUVILLE-SAINT-REMY,59428,MARIAGE,1988,19880604,1
NEUVILLE-SAINT-REMY,59428,MARIAGE,1988,19880513,1
NEUVILLE-SAINT-REMY,59428,MARIAGE,1988,19880416,1
NEUVILLE-SAINT-REMY,59428,MARIAGE,1988,19880402,1
NEUVILLE-SAINT-REMY,59428,MARIAGE,1988,19880305,1
NEUVILLE-SAINT-REMY,59428,MARIAGE,1987,19870926,1
NEUVILLE-SAINT-REMY,59428,MARIAGE,1987,19870905,1
NEUVILLE-SAINT-REMY,59428,MARIAGE,1987,19870801,1
NEUVILLE-SAINT-REMY,59428,MARIAGE,1987,19870725,1
NEUVILLE-SAINT-REMY,59428,MARIAGE,1987,19870620,2
NEUVILLE-SAINT-REMY,59428,MARIAGE,1987,19870620,2
NEUVILLE-SAINT-REMY,59428,MARIAGE,1987,19870404,1
NEUVILLE-SAINT-REMY,59428,MARIAGE,1987,19870328,1
NEUVILLE-SAINT-REMY,59428,MARIAGE,1987,19870321,1
NEUVILLE-SAINT-REMY,59428,MARIAGE,1987,19870314,1
NEUVILLE-SAINT-REMY,59428,MARIAGE,1987,19870228,1
NEUVILLE-SAINT-REMY,59428,MARIAGE,1987,19870110,1
NEUVILLE-SAINT-REMY,59428,MARIAGE,1986,19861206,1
NEUVILLE-SAINT-REMY,59428,MARIAGE,1986,19861122,1
NEUVILLE-SAINT-REMY,59428,MARIAGE,1986,19861025,1
NEUVILLE-SAINT-REMY,59428,MARIAGE,1986,19860920,1
NEUVILLE-SAINT-REMY,59428,MARIAGE,1986,19860906,2
NEUVILLE-SAINT-REMY,59428,MARIAGE,1986,19860830,1
NEUVILLE-SAINT-REMY,59428,MARIAGE,1986,19860823,1
NEUVILLE-SAINT-REMY,59428,MARIAGE,1986,19860802,1
NEUVILLE-SAINT-REMY,59428,MARIAGE,1986,19860726,1
NEUVILLE-SAINT-REMY,59428,MARIAGE,1986,19860724,1
NEUVILLE-SAINT-REMY,59428,MARIAGE,1986,19860712,2
NEUVILLE-SAINT-REMY,59428,MARIAGE,1986,19860705,2
NEUVILLE-SAINT-REMY,59428,MARIAGE,1986,19860628,3
NEUVILLE-SAINT-REMY,59428,MARIAGE,1986,19860628,3
NEUVILLE-SAINT-REMY,59428,MARIAGE,1986,19860627,1
NEUVILLE-SAINT-REMY,59428,MARIAGE,1986,19860614,1
NEUVILLE-SAINT-REMY,59428,MARIAGE,1986,19860607,1
NEUVILLE-SAINT-REMY,59428,MARIAGE,1986,19860405,1
NEUVILLE-SAINT-REMY,59428,MARIAGE,1986,19860329,1
NEUVILLE-SAINT-REMY,59428,MARIAGE,1986,19860322,1
NEUVILLE-SAINT-REMY,59428,MARIAGE,1986,19860222,1
NEUVILLE-SAINT-REMY,59428,MARIAGE,1986,19860111,1
NEUVILLE-SAINT-REMY,59428,MARIAGE,1985,19851228,1
NEUVILLE-SAINT-REMY,59428,MARIAGE,1985,19851224,1
NEUVILLE-SAINT-REMY,59428,MARIAGE,1985,19851130,1
NEUVILLE-SAINT-REMY,59428,MARIAGE,1985,19851123,1
NEUVILLE-SAINT-REMY,59428,MARIAGE,1985,19851102,1
NEUVILLE-SAINT-REMY,59428,MARIAGE,1985,19850928,1
NEUVILLE-SAINT-REMY,59428,MARIAGE,1985,19850921,1
NEUVILLE-SAINT-REMY,59428,MARIAGE,1985,19850914,1
NEUVILLE-SAINT-REMY,59428,MARIAGE,1985,19850907,1
NEUVILLE-SAINT-REMY,59428,MARIAGE,1985,19850831,1
NEUVILLE-SAINT-REMY,59428,MARIAGE,1985,19850727,2
NEUVILLE-SAINT-REMY,59428,MARIAGE,1985,19850720,1
NEUVILLE-SAINT-REMY,59428,MARIAGE,1985,19850629,3
NEUVILLE-SAINT-REMY,59428,MARIAGE,1985,19850622,1
NEUVILLE-SAINT-REMY,59428,MARIAGE,1985,19850615,1
NEUVILLE-SAINT-REMY,59428,MARIAGE,1985,19850608,2
NEUVILLE-SAINT-REMY,59428,MARIAGE,1985,19850504,1
NEUVILLE-SAINT-REMY,59428,MARIAGE,1985,19850309,1
NEUVILLE-SAINT-REMY,59428,MARIAGE,1985,19850209,1
NEUVILLE-SAINT-REMY,59428,MARIAGE,1984,19841222,2
NEUVILLE-SAINT-REMY,59428,MARIAGE,1984,19841027,1
NEUVILLE-SAINT-REMY,59428,MARIAGE,1984,19841020,2
NEUVILLE-SAINT-REMY,59428,MARIAGE,1984,19841006,1
NEUVILLE-SAINT-REMY,59428,MARIAGE,1984,19840929,1
NEUVILLE-SAINT-REMY,59428,MARIAGE,1984,19840915,1
NEUVILLE-SAINT-REMY,59428,MARIAGE,1984,19840908,1
NEUVILLE-SAINT-REMY,59428,MARIAGE,1984,19840901,1
NEUVILLE-SAINT-REMY,59428,MARIAGE,1984,19840830,1
NEUVILLE-SAINT-REMY,59428,MARIAGE,1984,19840727,1
NEUVILLE-SAINT-REMY,59428,MARIAGE,1984,19840707,2
NEUVILLE-SAINT-REMY,59428,MARIAGE,1984,19840630,2
NEUVILLE-SAINT-REMY,59428,MARIAGE,1984,19840623,2
NEUVILLE-SAINT-REMY,59428,MARIAGE,1984,19840616,1
NEUVILLE-SAINT-REMY,59428,MARIAGE,1984,19840519,1
NEUVILLE-SAINT-REMY,59428,MARIAGE,1984,19840421,1
NEUVILLE-SAINT-REMY,59428,MARIAGE,1984,19840331,1
NEUVILLE-SAINT-REMY,59428,MARIAGE,1984,19840204,1
NEUVILLE-SAINT-REMY,59428,MARIAGE,1983,19831224,2
NEUVILLE-SAINT-REMY,59428,MARIAGE,1983,19831217,1
NEUVILLE-SAINT-REMY,59428,MARIAGE,1983,19831203,1
NEUVILLE-SAINT-REMY,59428,MARIAGE,1983,19831118,1
NEUVILLE-SAINT-REMY,59428,MARIAGE,1983,19830924,1
NEUVILLE-SAINT-REMY,59428,MARIAGE,1983,19830910,1
NEUVILLE-SAINT-REMY,59428,MARIAGE,1983,19830903,2
NEUVILLE-SAINT-REMY,59428,MARIAGE,1983,19830827,1
NEUVILLE-SAINT-REMY,59428,MARIAGE,1983,19830818,1
NEUVILLE-SAINT-REMY,59428,MARIAGE,1983,19830723,1
NEUVILLE-SAINT-REMY,59428,MARIAGE,1983,19830625,1
NEUVILLE-SAINT-REMY,59428,MARIAGE,1983,19830618,1
NEUVILLE-SAINT-REMY,59428,MARIAGE,1983,19830514,1
NEUVILLE-SAINT-REMY,59428,MARIAGE,1983,19830402,1
NEUVILLE-SAINT-REMY,59428,MARIAGE,1983,19830326,2
NEUVILLE-SAINT-REMY,59428,MARIAGE,1983,19830305,1
NEUVILLE-SAINT-REMY,59428,MARIAGE,1983,19830226,1
NEUVILLE-SAINT-REMY,59428,MARIAGE,1983,19830212,1
NEUVILLE-SAINT-REMY,59428,DECES ,2016,20161223,1
NEUVILLE-SAINT-REMY,59428,DECES ,2016,20161220,1
NEUVILLE-SAINT-REMY,59428,DECES ,2016,20161219,1
NEUVILLE-SAINT-REMY,59428,DECES ,2016,20161210,1
NEUVILLE-SAINT-REMY,59428,DECES ,2016,20161201,1
NEUVILLE-SAINT-REMY,59428,DECES ,2016,20161130,1
NEUVILLE-SAINT-REMY,59428,DECES ,2016,20161127,1
NEUVILLE-SAINT-REMY,59428,DECES ,2016,20161125,1
NEUVILLE-SAINT-REMY,59428,DECES ,2016,20161112,1
NEUVILLE-SAINT-REMY,59428,DECES ,2016,20161102,1
NEUVILLE-SAINT-REMY,59428,DECES ,2016,20161025,1
NEUVILLE-SAINT-REMY,59428,DECES ,2016,20161019,1
NEUVILLE-SAINT-REMY,59428,DECES ,2016,20161011,1
NEUVILLE-SAINT-REMY,59428,DECES ,2016,20160926,1
NEUVILLE-SAINT-REMY,59428,DECES ,2016,20160923,1
NEUVILLE-SAINT-REMY,59428,DECES ,2016,20160915,2
NEUVILLE-SAINT-REMY,59428,DECES ,2016,20160902,1
NEUVILLE-SAINT-REMY,59428,DECES ,2016,20160811,1
NEUVILLE-SAINT-REMY,59428,DECES ,2016,20160726,1
NEUVILLE-SAINT-REMY,59428,DECES ,2016,20160725,1
NEUVILLE-SAINT-REMY,59428,DECES ,2016,20160722,1
NEUVILLE-SAINT-REMY,59428,DECES ,2016,20160705,1
NEUVILLE-SAINT-REMY,59428,DECES ,2016,20160702,1
NEUVILLE-SAINT-REMY,59428,DECES ,2016,20160630,1
NEUVILLE-SAINT-REMY,59428,DECES ,2016,20160611,1
NEUVILLE-SAINT-REMY,59428,DECES ,2016,20160602,1
NEUVILLE-SAINT-REMY,59428,DECES ,2016,20160527,1
NEUVILLE-SAINT-REMY,59428,DECES ,2016,20160428,1
NEUVILLE-SAINT-REMY,59428,DECES ,2016,20160424,1
NEUVILLE-SAINT-REMY,59428,DECES ,2016,20160327,2
NEUVILLE-SAINT-REMY,59428,DECES ,2016,20160323,1
NEUVILLE-SAINT-REMY,59428,DECES ,2016,20160313,2
NEUVILLE-SAINT-REMY,59428,DECES ,2016,20160306,2
NEUVILLE-SAINT-REMY,59428,DECES ,2016,20160223,1
NEUVILLE-SAINT-REMY,59428,DECES ,2016,20160219,2
NEUVILLE-SAINT-REMY,59428,DECES ,2016,20160214,1
NEUVILLE-SAINT-REMY,59428,DECES ,2016,20160213,1
NEUVILLE-SAINT-REMY,59428,DECES ,2016,20160206,1
NEUVILLE-SAINT-REMY,59428,DECES ,2016,20160203,1
NEUVILLE-SAINT-REMY,59428,DECES ,2016,20160202,1
NEUVILLE-SAINT-REMY,59428,DECES ,2016,20160130,1
NEUVILLE-SAINT-REMY,59428,DECES ,2016,20160127,1
NEUVILLE-SAINT-REMY,59428,DECES ,2016,20160126,1
NEUVILLE-SAINT-REMY,59428,DECES ,2016,20160118,1
NEUVILLE-SAINT-REMY,59428,DECES ,2016,20160117,1
NEUVILLE-SAINT-REMY,59428,DECES ,2015,20151231,1
NEUVILLE-SAINT-REMY,59428,DECES ,2015,20151230,1
NEUVILLE-SAINT-REMY,59428,DECES ,2015,20151229,1
NEUVILLE-SAINT-REMY,59428,DECES ,2015,20151227,1
NEUVILLE-SAINT-REMY,59428,DECES ,2015,20151209,1
NEUVILLE-SAINT-REMY,59428,DECES ,2015,20151125,1
NEUVILLE-SAINT-REMY,59428,DECES ,2015,20151121,1
NEUVILLE-SAINT-REMY,59428,DECES ,2015,20151114,1
NEUVILLE-SAINT-REMY,59428,DECES ,2015,20151017,1
NEUVILLE-SAINT-REMY,59428,DECES ,2015,20151010,1
NEUVILLE-SAINT-REMY,59428,DECES ,2015,20151006,1
NEUVILLE-SAINT-REMY,59428,DECES ,2015,20151001,1
NEUVILLE-SAINT-REMY,59428,DECES ,2015,20150922,1
NEUVILLE-SAINT-REMY,59428,DECES ,2015,20150920,1
NEUVILLE-SAINT-REMY,59428,DECES ,2015,20150717,1
NEUVILLE-SAINT-REMY,59428,DECES ,2015,20150708,1
NEUVILLE-SAINT-REMY,59428,DECES ,2015,20150629,1
NEUVILLE-SAINT-REMY,59428,DECES ,2015,20150625,1
NEUVILLE-SAINT-REMY,59428,DECES ,2015,20150614,1
NEUVILLE-SAINT-REMY,59428,DECES ,2015,20150531,1
NEUVILLE-SAINT-REMY,59428,DECES ,2015,20150530,1
NEUVILLE-SAINT-REMY,59428,DECES ,2015,20150503,1
NEUVILLE-SAINT-REMY,59428,DECES ,2015,20150501,1
NEUVILLE-SAINT-REMY,59428,DECES ,2015,20150427,1
NEUVILLE-SAINT-REMY,59428,DECES ,2015,20150419,1
NEUVILLE-SAINT-REMY,59428,DECES ,2015,20150330,1
NEUVILLE-SAINT-REMY,59428,DECES ,2015,20150309,1
NEUVILLE-SAINT-REMY,59428,DECES ,2015,20150304,1
NEUVILLE-SAINT-REMY,59428,DECES ,2015,20150226,1
NEUVILLE-SAINT-REMY,59428,DECES ,2015,20150225,1
NEUVILLE-SAINT-REMY,59428,DECES ,2015,20150219,2
NEUVILLE-SAINT-REMY,59428,DECES ,2015,20150207,1
NEUVILLE-SAINT-REMY,59428,DECES ,2015,20150204,1
NEUVILLE-SAINT-REMY,59428,DECES ,2015,20150203,1
NEUVILLE-SAINT-REMY,59428,DECES ,2015,20150128,1
NEUVILLE-SAINT-REMY,59428,DECES ,2015,20150122,1
NEUVILLE-SAINT-REMY,59428,DECES ,2015,20150102,1
NEUVILLE-SAINT-REMY,59428,DECES ,2014,20141229,1
NEUVILLE-SAINT-REMY,59428,DECES ,2014,20141216,2
NEUVILLE-SAINT-REMY,59428,DECES ,2014,20141201,1
NEUVILLE-SAINT-REMY,59428,DECES ,2014,20141128,1
NEUVILLE-SAINT-REMY,59428,DECES ,2014,20141122,1
NEUVILLE-SAINT-REMY,59428,DECES ,2014,20141104,1
NEUVILLE-SAINT-REMY,59428,DECES ,2014,20141027,1
NEUVILLE-SAINT-REMY,59428,DECES ,2014,20141019,1
NEUVILLE-SAINT-REMY,59428,DECES ,2014,20140928,1
NEUVILLE-SAINT-REMY,59428,DECES ,2014,20140922,1
NEUVILLE-SAINT-REMY,59428,DECES ,2014,20140919,1
NEUVILLE-SAINT-REMY,59428,DECES ,2014,20140918,1
NEUVILLE-SAINT-REMY,59428,DECES ,2014,20140913,1
NEUVILLE-SAINT-REMY,59428,DECES ,2014,20140906,1
NEUVILLE-SAINT-REMY,59428,DECES ,2014,20140905,1
NEUVILLE-SAINT-REMY,59428,DECES ,2014,20140829,1
NEUVILLE-SAINT-REMY,59428,DECES ,2014,20140822,1
NEUVILLE-SAINT-REMY,59428,DECES ,2014,20140820,1
NEUVILLE-SAINT-REMY,59428,DECES ,2014,20140810,1
NEUVILLE-SAINT-REMY,59428,DECES ,2014,20140803,2
NEUVILLE-SAINT-REMY,59428,DECES ,2014,20140724,1
NEUVILLE-SAINT-REMY,59428,DECES ,2014,20140723,1
NEUVILLE-SAINT-REMY,59428,DECES ,2014,20140528,1
NEUVILLE-SAINT-REMY,59428,DECES ,2014,20140427,1
NEUVILLE-SAINT-REMY,59428,DECES ,2014,20140425,1
NEUVILLE-SAINT-REMY,59428,DECES ,2014,20140420,1
NEUVILLE-SAINT-REMY,59428,DECES ,2014,20140331,1
NEUVILLE-SAINT-REMY,59428,DECES ,2014,20140311,1
NEUVILLE-SAINT-REMY,59428,DECES ,2014,20140215,1
NEUVILLE-SAINT-REMY,59428,DECES ,2014,20140209,1
NEUVILLE-SAINT-REMY,59428,DECES ,2014,20140125,1
NEUVILLE-SAINT-REMY,59428,DECES ,2014,20140119,1
NEUVILLE-SAINT-REMY,59428,DECES ,2014,20140114,1
NEUVILLE-SAINT-REMY,59428,DECES ,2013,20131221,1
NEUVILLE-SAINT-REMY,59428,DECES ,2013,20131218,1
NEUVILLE-SAINT-REMY,59428,DECES ,2013,20131216,1
NEUVILLE-SAINT-REMY,59428,DECES ,2013,20131208,3
NEUVILLE-SAINT-REMY,59428,DECES ,2013,20131129,1
NEUVILLE-SAINT-REMY,59428,DECES ,2013,20131119,1
NEUVILLE-SAINT-REMY,59428,DECES ,2013,20131115,1
NEUVILLE-SAINT-REMY,59428,DECES ,2013,20131107,1
NEUVILLE-SAINT-REMY,59428,DECES ,2013,20131025,1
NEUVILLE-SAINT-REMY,59428,DECES ,2013,20131024,1
NEUVILLE-SAINT-REMY,59428,DECES ,2013,20131012,1
NEUVILLE-SAINT-REMY,59428,DECES ,2013,20131008,1
NEUVILLE-SAINT-REMY,59428,DECES ,2013,20131001,1
NEUVILLE-SAINT-REMY,59428,DECES ,2013,20130926,1
NEUVILLE-SAINT-REMY,59428,DECES ,2013,20130924,3
NEUVILLE-SAINT-REMY,59428,DECES ,2013,20130901,1
NEUVILLE-SAINT-REMY,59428,DECES ,2013,20130816,1
NEUVILLE-SAINT-REMY,59428,DECES ,2013,20130721,1
NEUVILLE-SAINT-REMY,59428,DECES ,2013,20130628,1
NEUVILLE-SAINT-REMY,59428,DECES ,2013,20130613,2
NEUVILLE-SAINT-REMY,59428,DECES ,2013,20130520,1
NEUVILLE-SAINT-REMY,59428,DECES ,2013,20130515,1
NEUVILLE-SAINT-REMY,59428,DECES ,2013,20130510,1
NEUVILLE-SAINT-REMY,59428,DECES ,2013,20130413,1
NEUVILLE-SAINT-REMY,59428,DECES ,2013,20130407,1
NEUVILLE-SAINT-REMY,59428,DECES ,2013,20130401,1
NEUVILLE-SAINT-REMY,59428,DECES ,2013,20130326,1
NEUVILLE-SAINT-REMY,59428,DECES ,2013,20130314,1
NEUVILLE-SAINT-REMY,59428,DECES ,2013,20130306,1
NEUVILLE-SAINT-REMY,59428,DECES ,2013,20130303,1
NEUVILLE-SAINT-REMY,59428,DECES ,2013,20130223,1
NEUVILLE-SAINT-REMY,59428,DECES ,2013,20130216,1
NEUVILLE-SAINT-REMY,59428,DECES ,2013,20130124,1
NEUVILLE-SAINT-REMY,59428,DECES ,2013,20130123,2
NEUVILLE-SAINT-REMY,59428,DECES ,2013,20130120,1
NEUVILLE-SAINT-REMY,59428,DECES ,2013,20130118,1
NEUVILLE-SAINT-REMY,59428,DECES ,2012,20121201,1
NEUVILLE-SAINT-REMY,59428,DECES ,2012,20121110,1
NEUVILLE-SAINT-REMY,59428,DECES ,2012,20121104,1
NEUVILLE-SAINT-REMY,59428,DECES ,2012,20121012,1
NEUVILLE-SAINT-REMY,59428,DECES ,2012,20121005,1
NEUVILLE-SAINT-REMY,59428,DECES ,2012,20121004,1
NEUVILLE-SAINT-REMY,59428,DECES ,2012,20120922,1
NEUVILLE-SAINT-REMY,59428,DECES ,2012,20120917,1
NEUVILLE-SAINT-REMY,59428,DECES ,2012,20120915,1
NEUVILLE-SAINT-REMY,59428,DECES ,2012,20120902,1
NEUVILLE-SAINT-REMY,59428,DECES ,2012,20120826,1
NEUVILLE-SAINT-REMY,59428,DECES ,2012,20120825,1
NEUVILLE-SAINT-REMY,59428,DECES ,2012,20120806,1
NEUVILLE-SAINT-REMY,59428,DECES ,2012,20120801,1
NEUVILLE-SAINT-REMY,59428,DECES ,2012,20120725,1
NEUVILLE-SAINT-REMY,59428,DECES ,2012,20120720,1
NEUVILLE-SAINT-REMY,59428,DECES ,2012,20120710,1
NEUVILLE-SAINT-REMY,59428,DECES ,2012,20120630,1
NEUVILLE-SAINT-REMY,59428,DECES ,2012,20120629,2
NEUVILLE-SAINT-REMY,59428,DECES ,2012,20120623,1
NEUVILLE-SAINT-REMY,59428,DECES ,2012,20120509,1
NEUVILLE-SAINT-REMY,59428,DECES ,2012,20120403,2
NEUVILLE-SAINT-REMY,59428,DECES ,2012,20120331,1
NEUVILLE-SAINT-REMY,59428,DECES ,2012,20120326,1
NEUVILLE-SAINT-REMY,59428,DECES ,2012,20120324,1
NEUVILLE-SAINT-REMY,59428,DECES ,2012,20120308,1
NEUVILLE-SAINT-REMY,59428,DECES ,2012,20120304,1
NEUVILLE-SAINT-REMY,59428,DECES ,2012,20120301,1
NEUVILLE-SAINT-REMY,59428,DECES ,2012,20120227,1
NEUVILLE-SAINT-REMY,59428,DECES ,2012,20120215,1
NEUVILLE-SAINT-REMY,59428,DECES ,2012,20120214,1
NEUVILLE-SAINT-REMY,59428,DECES ,2012,20120205,1
NEUVILLE-SAINT-REMY,59428,DECES ,2012,20120129,1
NEUVILLE-SAINT-REMY,59428,DECES ,2012,20120128,1
NEUVILLE-SAINT-REMY,59428,DECES ,2011,20111126,1
NEUVILLE-SAINT-REMY,59428,DECES ,2011,20111029,1
NEUVILLE-SAINT-REMY,59428,DECES ,2011,20111021,1
NEUVILLE-SAINT-REMY,59428,DECES ,2011,20110926,1
NEUVILLE-SAINT-REMY,59428,DECES ,2011,20110905,1
NEUVILLE-SAINT-REMY,59428,DECES ,2011,20110814,1
NEUVILLE-SAINT-REMY,59428,DECES ,2011,20110722,1
NEUVILLE-SAINT-REMY,59428,DECES ,2011,20110712,1
NEUVILLE-SAINT-REMY,59428,DECES ,2011,20110709,1
NEUVILLE-SAINT-REMY,59428,DECES ,2011,20110605,1
NEUVILLE-SAINT-REMY,59428,DECES ,2011,20110530,1
NEUVILLE-SAINT-REMY,59428,DECES ,2011,20110529,1
NEUVILLE-SAINT-REMY,59428,DECES ,2011,20110528,1
NEUVILLE-SAINT-REMY,59428,DECES ,2011,20110519,1
NEUVILLE-SAINT-REMY,59428,DECES ,2011,20110518,1
NEUVILLE-SAINT-REMY,59428,DECES ,2011,20110507,1
NEUVILLE-SAINT-REMY,59428,DECES ,2011,20110408,1
NEUVILLE-SAINT-REMY,59428,DECES ,2011,20110407,2
NEUVILLE-SAINT-REMY,59428,DECES ,2011,20110403,1
NEUVILLE-SAINT-REMY,59428,DECES ,2011,20110402,2
NEUVILLE-SAINT-REMY,59428,DECES ,2011,20110228,1
NEUVILLE-SAINT-REMY,59428,DECES ,2011,20110214,1
NEUVILLE-SAINT-REMY,59428,DECES ,2011,20110213,1
NEUVILLE-SAINT-REMY,59428,DECES ,2011,20110209,1
NEUVILLE-SAINT-REMY,59428,DECES ,2011,20110126,1
NEUVILLE-SAINT-REMY,59428,DECES ,2010,20101213,1
NEUVILLE-SAINT-REMY,59428,DECES ,2010,20101209,1
NEUVILLE-SAINT-REMY,59428,DECES ,2010,20101102,2
NEUVILLE-SAINT-REMY,59428,DECES ,2010,20101029,1
NEUVILLE-SAINT-REMY,59428,DECES ,2010,20101028,1
NEUVILLE-SAINT-REMY,59428,DECES ,2010,20101023,1
NEUVILLE-SAINT-REMY,59428,DECES ,2010,20101020,2
NEUVILLE-SAINT-REMY,59428,DECES ,2010,20100904,1
NEUVILLE-SAINT-REMY,59428,DECES ,2010,20100830,1
NEUVILLE-SAINT-REMY,59428,DECES ,2010,20100823,1
NEUVILLE-SAINT-REMY,59428,DECES ,2010,20100822,1
NEUVILLE-SAINT-REMY,59428,DECES ,2010,20100818,1
NEUVILLE-SAINT-REMY,59428,DECES ,2010,20100727,1
NEUVILLE-SAINT-REMY,59428,DECES ,2010,20100722,1
NEUVILLE-SAINT-REMY,59428,DECES ,2010,20100711,1
NEUVILLE-SAINT-REMY,59428,DECES ,2010,20100622,1
NEUVILLE-SAINT-REMY,59428,DECES ,2010,20100612,1
NEUVILLE-SAINT-REMY,59428,DECES ,2010,20100520,1
NEUVILLE-SAINT-REMY,59428,DECES ,2010,20100504,1
NEUVILLE-SAINT-REMY,59428,DECES ,2010,20100429,1
NEUVILLE-SAINT-REMY,59428,DECES ,2010,20100421,1
NEUVILLE-SAINT-REMY,59428,DECES ,2010,20100404,1
NEUVILLE-SAINT-REMY,59428,DECES ,2010,20100326,1
NEUVILLE-SAINT-REMY,59428,DECES ,2010,20100319,1
NEUVILLE-SAINT-REMY,59428,DECES ,2010,20100315,1
NEUVILLE-SAINT-REMY,59428,DECES ,2010,20100309,1
NEUVILLE-SAINT-REMY,59428,DECES ,2010,20100209,2
NEUVILLE-SAINT-REMY,59428,DECES ,2010,20100128,1
NEUVILLE-SAINT-REMY,59428,DECES ,2010,20100126,1
NEUVILLE-SAINT-REMY,59428,DECES ,2010,20100119,1
NEUVILLE-SAINT-REMY,59428,DECES ,2010,20100118,1
NEUVILLE-SAINT-REMY,59428,DECES ,2010,20100117,1
NEUVILLE-SAINT-REMY,59428,DECES ,2010,20100104,1
NEUVILLE-SAINT-REMY,59428,DECES ,2009,20091227,1
NEUVILLE-SAINT-REMY,59428,DECES ,2009,20091223,1
NEUVILLE-SAINT-REMY,59428,DECES ,2009,20091215,1
NEUVILLE-SAINT-REMY,59428,DECES ,2009,20091126,1
NEUVILLE-SAINT-REMY,59428,DECES ,2009,20091122,1
NEUVILLE-SAINT-REMY,59428,DECES ,2009,20091113,1
NEUVILLE-SAINT-REMY,59428,DECES ,2009,20091028,1
NEUVILLE-SAINT-REMY,59428,DECES ,2009,20091019,1
NEUVILLE-SAINT-REMY,59428,DECES ,2009,20091018,1
NEUVILLE-SAINT-REMY,59428,DECES ,2009,20090923,1
NEUVILLE-SAINT-REMY,59428,DECES ,2009,20090907,1
NEUVILLE-SAINT-REMY,59428,DECES ,2009,20090801,1
NEUVILLE-SAINT-REMY,59428,DECES ,2009,20090723,1
NEUVILLE-SAINT-REMY,59428,DECES ,2009,20090530,1
NEUVILLE-SAINT-REMY,59428,DECES ,2009,20090523,1
NEUVILLE-SAINT-REMY,59428,DECES ,2009,20090512,1
NEUVILLE-SAINT-REMY,59428,DECES ,2009,20090501,1
NEUVILLE-SAINT-REMY,59428,DECES ,2009,20090425,1
NEUVILLE-SAINT-REMY,59428,DECES ,2009,20090422,1
NEUVILLE-SAINT-REMY,59428,DECES ,2009,20090414,1
NEUVILLE-SAINT-REMY,59428,DECES ,2009,20090227,1
NEUVILLE-SAINT-REMY,59428,DECES ,2009,20090220,1
NEUVILLE-SAINT-REMY,59428,DECES ,2009,20090123,1
NEUVILLE-SAINT-REMY,59428,DECES ,2009,20090119,1
NEUVILLE-SAINT-REMY,59428,DECES ,2009,20090106,1
NEUVILLE-SAINT-REMY,59428,DECES ,2008,20081229,1
NEUVILLE-SAINT-REMY,59428,DECES ,2008,20081124,1
NEUVILLE-SAINT-REMY,59428,DECES ,2008,20081022,1
NEUVILLE-SAINT-REMY,59428,DECES ,2008,20080918,1
NEUVILLE-SAINT-REMY,59428,DECES ,2008,20080824,1
NEUVILLE-SAINT-REMY,59428,DECES ,2008,20080810,1
NEUVILLE-SAINT-REMY,59428,DECES ,2008,20080710,1
NEUVILLE-SAINT-REMY,59428,DECES ,2008,20080701,1
NEUVILLE-SAINT-REMY,59428,DECES ,2008,20080630,1
NEUVILLE-SAINT-REMY,59428,DECES ,2008,20080625,1
NEUVILLE-SAINT-REMY,59428,DECES ,2008,20080615,1
NEUVILLE-SAINT-REMY,59428,DECES ,2008,20080521,1
NEUVILLE-SAINT-REMY,59428,DECES ,2008,20080505,1
NEUVILLE-SAINT-REMY,59428,DECES ,2008,20080504,1
NEUVILLE-SAINT-REMY,59428,DECES ,2008,20080429,1
NEUVILLE-SAINT-REMY,59428,DECES ,2008,20080419,1
NEUVILLE-SAINT-REMY,59428,DECES ,2008,20080404,1
NEUVILLE-SAINT-REMY,59428,DECES ,2008,20080310,1
NEUVILLE-SAINT-REMY,59428,DECES ,2008,20080308,1
NEUVILLE-SAINT-REMY,59428,DECES ,2008,20080206,1
NEUVILLE-SAINT-REMY,59428,DECES ,2008,20080128,1
NEUVILLE-SAINT-REMY,59428,DECES ,2008,20080111,1
NEUVILLE-SAINT-REMY,59428,DECES ,2008,20080108,1
NEUVILLE-SAINT-REMY,59428,DECES ,2008,20080104,1
NEUVILLE-SAINT-REMY,59428,DECES ,2007,20071222,1
NEUVILLE-SAINT-REMY,59428,DECES ,2007,20071220,1
NEUVILLE-SAINT-REMY,59428,DECES ,2007,20071118,2
NEUVILLE-SAINT-REMY,59428,DECES ,2007,20071116,1
NEUVILLE-SAINT-REMY,59428,DECES ,2007,20071029,1
NEUVILLE-SAINT-REMY,59428,DECES ,2007,20071022,1
NEUVILLE-SAINT-REMY,59428,DECES ,2007,20071001,1
NEUVILLE-SAINT-REMY,59428,DECES ,2007,20070929,1
NEUVILLE-SAINT-REMY,59428,DECES ,2007,20070921,1
NEUVILLE-SAINT-REMY,59428,DECES ,2007,20070920,1
NEUVILLE-SAINT-REMY,59428,DECES ,2007,20070904,1
NEUVILLE-SAINT-REMY,59428,DECES ,2007,20070725,1
NEUVILLE-SAINT-REMY,59428,DECES ,2007,20070714,1
NEUVILLE-SAINT-REMY,59428,DECES ,2007,20070702,1
NEUVILLE-SAINT-REMY,59428,DECES ,2007,20070531,1
NEUVILLE-SAINT-REMY,59428,DECES ,2007,20070505,1
NEUVILLE-SAINT-REMY,59428,DECES ,2007,20070504,1
NEUVILLE-SAINT-REMY,59428,DECES ,2007,20070409,1
NEUVILLE-SAINT-REMY,59428,DECES ,2007,20070322,1
NEUVILLE-SAINT-REMY,59428,DECES ,2007,20070130,1
NEUVILLE-SAINT-REMY,59428,DECES ,2007,20070120,1
NEUVILLE-SAINT-REMY,59428,DECES ,2007,20070116,1
NEUVILLE-SAINT-REMY,59428,DECES ,2007,20070103,1
NEUVILLE-SAINT-REMY,59428,DECES ,2006,20061231,1
NEUVILLE-SAINT-REMY,59428,DECES ,2006,20061210,1
NEUVILLE-SAINT-REMY,59428,DECES ,2006,20061127,1
NEUVILLE-SAINT-REMY,59428,DECES ,2006,20061021,1
NEUVILLE-SAINT-REMY,59428,DECES ,2006,20061012,1
NEUVILLE-SAINT-REMY,59428,DECES ,2006,20061010,3
NEUVILLE-SAINT-REMY,59428,DECES ,2006,20061008,1
NEUVILLE-SAINT-REMY,59428,DECES ,2006,20060901,1
NEUVILLE-SAINT-REMY,59428,DECES ,2006,20060725,1
NEUVILLE-SAINT-REMY,59428,DECES ,2006,20060714,1
NEUVILLE-SAINT-REMY,59428,DECES ,2006,20060629,1
NEUVILLE-SAINT-REMY,59428,DECES ,2006,20060618,1
NEUVILLE-SAINT-REMY,59428,DECES ,2006,20060617,1
NEUVILLE-SAINT-REMY,59428,DECES ,2006,20060609,1
NEUVILLE-SAINT-REMY,59428,DECES ,2006,20060525,1
NEUVILLE-SAINT-REMY,59428,DECES ,2006,20060511,1
NEUVILLE-SAINT-REMY,59428,DECES ,2006,20060423,1
NEUVILLE-SAINT-REMY,59428,DECES ,2006,20060404,1
NEUVILLE-SAINT-REMY,59428,DECES ,2006,20060314,1
NEUVILLE-SAINT-REMY,59428,DECES ,2006,20060309,1
NEUVILLE-SAINT-REMY,59428,DECES ,2006,20060213,1
NEUVILLE-SAINT-REMY,59428,DECES ,2006,20060212,1
NEUVILLE-SAINT-REMY,59428,DECES ,2006,20060205,1
NEUVILLE-SAINT-REMY,59428,DECES ,2006,20060125,1
NEUVILLE-SAINT-REMY,59428,DECES ,2006,20060105,1
NEUVILLE-SAINT-REMY,59428,DECES ,2006,20060101,1
NEUVILLE-SAINT-REMY,59428,DECES ,2005,20051127,1
NEUVILLE-SAINT-REMY,59428,DECES ,2005,20051107,1
NEUVILLE-SAINT-REMY,59428,DECES ,2005,20051023,1
NEUVILLE-SAINT-REMY,59428,DECES ,2005,20051018,1
NEUVILLE-SAINT-REMY,59428,DECES ,2005,20051004,1
NEUVILLE-SAINT-REMY,59428,DECES ,2005,20050809,1
NEUVILLE-SAINT-REMY,59428,DECES ,2005,20050803,1
NEUVILLE-SAINT-REMY,59428,DECES ,2005,20050715,1
NEUVILLE-SAINT-REMY,59428,DECES ,2005,20050713,1
NEUVILLE-SAINT-REMY,59428,DECES ,2005,20050711,1
NEUVILLE-SAINT-REMY,59428,DECES ,2005,20050624,1
NEUVILLE-SAINT-REMY,59428,DECES ,2005,20050607,1
NEUVILLE-SAINT-REMY,59428,DECES ,2005,20050605,1
NEUVILLE-SAINT-REMY,59428,DECES ,2005,20050526,1
NEUVILLE-SAINT-REMY,59428,DECES ,2005,20050523,1
NEUVILLE-SAINT-REMY,59428,DECES ,2005,20050503,1
NEUVILLE-SAINT-REMY,59428,DECES ,2005,20050426,1
NEUVILLE-SAINT-REMY,59428,DECES ,2005,20050322,1
NEUVILLE-SAINT-REMY,59428,DECES ,2005,20050208,1
NEUVILLE-SAINT-REMY,59428,DECES ,2005,20050202,1
NEUVILLE-SAINT-REMY,59428,DECES ,2005,20050130,1
NEUVILLE-SAINT-REMY,59428,DECES ,2005,20050120,1
NEUVILLE-SAINT-REMY,59428,DECES ,2005,20050107,1
NEUVILLE-SAINT-REMY,59428,DECES ,2004,20041220,1
NEUVILLE-SAINT-REMY,59428,DECES ,2004,20041202,1
NEUVILLE-SAINT-REMY,59428,DECES ,2004,20041113,1
NEUVILLE-SAINT-REMY,59428,DECES ,2004,20041008,1
NEUVILLE-SAINT-REMY,59428,DECES ,2004,20040929,1
NEUVILLE-SAINT-REMY,59428,DECES ,2004,20040923,1
NEUVILLE-SAINT-REMY,59428,DECES ,2004,20040913,1
NEUVILLE-SAINT-REMY,59428,DECES ,2004,20040829,1
NEUVILLE-SAINT-REMY,59428,DECES ,2004,20040721,1
NEUVILLE-SAINT-REMY,59428,DECES ,2004,20040614,1
NEUVILLE-SAINT-REMY,59428,DECES ,2004,20040609,1
NEUVILLE-SAINT-REMY,59428,DECES ,2004,20040526,1
NEUVILLE-SAINT-REMY,59428,DECES ,2004,20040505,1
NEUVILLE-SAINT-REMY,59428,DECES ,2004,20040503,1
NEUVILLE-SAINT-REMY,59428,DECES ,2004,20040411,1
NEUVILLE-SAINT-REMY,59428,DECES ,2004,20040407,1
NEUVILLE-SAINT-REMY,59428,DECES ,2004,20040319,1
NEUVILLE-SAINT-REMY,59428,DECES ,2004,20040217,1
NEUVILLE-SAINT-REMY,59428,DECES ,2004,20040215,1
NEUVILLE-SAINT-REMY,59428,DECES ,2004,20040104,1
NEUVILLE-SAINT-REMY,59428,DECES ,2004,20040101,1
NEUVILLE-SAINT-REMY,59428,DECES ,2003,20031130,1
NEUVILLE-SAINT-REMY,59428,DECES ,2003,20031104,1
NEUVILLE-SAINT-REMY,59428,DECES ,2003,20031026,1
NEUVILLE-SAINT-REMY,59428,DECES ,2003,20031019,1
NEUVILLE-SAINT-REMY,59428,DECES ,2003,20031016,1
NEUVILLE-SAINT-REMY,59428,DECES ,2003,20031009,1
NEUVILLE-SAINT-REMY,59428,DECES ,2003,20031006,1
NEUVILLE-SAINT-REMY,59428,DECES ,2003,20030928,1
NEUVILLE-SAINT-REMY,59428,DECES ,2003,20030819,1
NEUVILLE-SAINT-REMY,59428,DECES ,2003,20030716,1
NEUVILLE-SAINT-REMY,59428,DECES ,2003,20030704,1
NEUVILLE-SAINT-REMY,59428,DECES ,2003,20030511,1
NEUVILLE-SAINT-REMY,59428,DECES ,2003,20030430,1
NEUVILLE-SAINT-REMY,59428,DECES ,2003,20030429,1
NEUVILLE-SAINT-REMY,59428,DECES ,2003,20030403,1
NEUVILLE-SAINT-REMY,59428,DECES ,2003,20030325,1
NEUVILLE-SAINT-REMY,59428,DECES ,2003,20030227,1
NEUVILLE-SAINT-REMY,59428,DECES ,2003,20030206,1
NEUVILLE-SAINT-REMY,59428,DECES ,2003,20030126,1
NEUVILLE-SAINT-REMY,59428,DECES ,2003,20030117,1
NEUVILLE-SAINT-REMY,59428,DECES ,2003,20030115,1
NEUVILLE-SAINT-REMY,59428,DECES ,2003,20030104,1
NEUVILLE-SAINT-REMY,59428,DECES ,2003,20030102,1
NEUVILLE-SAINT-REMY,59428,DECES ,2002,20021130,1
NEUVILLE-SAINT-REMY,59428,DECES ,2002,20021121,1
NEUVILLE-SAINT-REMY,59428,DECES ,2002,20021111,1
NEUVILLE-SAINT-REMY,59428,DECES ,2002,20021017,1
NEUVILLE-SAINT-REMY,59428,DECES ,2002,20020922,1
NEUVILLE-SAINT-REMY,59428,DECES ,2002,20020915,1
NEUVILLE-SAINT-REMY,59428,DECES ,2002,20020901,1
NEUVILLE-SAINT-REMY,59428,DECES ,2002,20020824,1
NEUVILLE-SAINT-REMY,59428,DECES ,2002,20020816,1
NEUVILLE-SAINT-REMY,59428,DECES ,2002,20020815,2
NEUVILLE-SAINT-REMY,59428,DECES ,2002,20020809,1
NEUVILLE-SAINT-REMY,59428,DECES ,2002,20020720,2
NEUVILLE-SAINT-REMY,59428,DECES ,2002,20020703,1
NEUVILLE-SAINT-REMY,59428,DECES ,2002,20020524,1
NEUVILLE-SAINT-REMY,59428,DECES ,2002,20020521,1
NEUVILLE-SAINT-REMY,59428,DECES ,2002,20020510,1
NEUVILLE-SAINT-REMY,59428,DECES ,2002,20020426,1
NEUVILLE-SAINT-REMY,59428,DECES ,1999,20020406,1
NEUVILLE-SAINT-REMY,59428,DECES ,2002,20020325,1
NEUVILLE-SAINT-REMY,59428,DECES ,2002,20020310,1
NEUVILLE-SAINT-REMY,59428,DECES ,2002,20020211,1
NEUVILLE-SAINT-REMY,59428,DECES ,2002,20020130,1
NEUVILLE-SAINT-REMY,59428,DECES ,2002,20020125,1
NEUVILLE-SAINT-REMY,59428,DECES ,2002,20020124,1
NEUVILLE-SAINT-REMY,59428,DECES ,2002,20020121,1
NEUVILLE-SAINT-REMY,59428,DECES ,2002,20020120,1
NEUVILLE-SAINT-REMY,59428,DECES ,2002,20020119,1
NEUVILLE-SAINT-REMY,59428,DECES ,2002,20020113,1
NEUVILLE-SAINT-REMY,59428,DECES ,2002,20020110,1
NEUVILLE-SAINT-REMY,59428,DECES ,2001,20011226,1
NEUVILLE-SAINT-REMY,59428,DECES ,2001,20011107,1
NEUVILLE-SAINT-REMY,59428,DECES ,2001,20011029,1
NEUVILLE-SAINT-REMY,59428,DECES ,2001,20011015,1
NEUVILLE-SAINT-REMY,59428,DECES ,2001,20011014,1
NEUVILLE-SAINT-REMY,59428,DECES ,2001,20011009,2
NEUVILLE-SAINT-REMY,59428,DECES ,2001,20011009,2
NEUVILLE-SAINT-REMY,59428,DECES ,2001,20010731,1
NEUVILLE-SAINT-REMY,59428,DECES ,2001,20010714,1
NEUVILLE-SAINT-REMY,59428,DECES ,2001,20010702,1
NEUVILLE-SAINT-REMY,59428,DECES ,2001,20010701,1
NEUVILLE-SAINT-REMY,59428,DECES ,2001,20010620,1
NEUVILLE-SAINT-REMY,59428,DECES ,2001,20010503,1
NEUVILLE-SAINT-REMY,59428,DECES ,2001,20010415,1
NEUVILLE-SAINT-REMY,59428,DECES ,2001,20010305,1
NEUVILLE-SAINT-REMY,59428,DECES ,2001,20010304,1
NEUVILLE-SAINT-REMY,59428,DECES ,2001,20010218,1
NEUVILLE-SAINT-REMY,59428,DECES ,2001,20010208,1
NEUVILLE-SAINT-REMY,59428,DECES ,2002,20010125,1
NEUVILLE-SAINT-REMY,59428,DECES ,2001,20010120,2
NEUVILLE-SAINT-REMY,59428,DECES ,2000,20001227,1
NEUVILLE-SAINT-REMY,59428,DECES ,2000,20001214,1
NEUVILLE-SAINT-REMY,59428,DECES ,2000,20001015,2
NEUVILLE-SAINT-REMY,59428,DECES ,2000,20001013,1
NEUVILLE-SAINT-REMY,59428,DECES ,2000,20001006,1
NEUVILLE-SAINT-REMY,59428,DECES ,2000,20000930,1
NEUVILLE-SAINT-REMY,59428,DECES ,2000,20000703,1
NEUVILLE-SAINT-REMY,59428,DECES ,2000,20000702,1
NEUVILLE-SAINT-REMY,59428,DECES ,2000,20000602,1
NEUVILLE-SAINT-REMY,59428,DECES ,2000,20000513,1
NEUVILLE-SAINT-REMY,59428,DECES ,2000,20000407,1
NEUVILLE-SAINT-REMY,59428,DECES ,2000,20000225,1
NEUVILLE-SAINT-REMY,59428,DECES ,2000,20000220,1
NEUVILLE-SAINT-REMY,59428,DECES ,2000,20000216,1
NEUVILLE-SAINT-REMY,59428,DECES ,2000,20000211,1
NEUVILLE-SAINT-REMY,59428,DECES ,2000,20000210,1
NEUVILLE-SAINT-REMY,59428,DECES ,2000,20000209,1
NEUVILLE-SAINT-REMY,59428,DECES ,2000,20000201,1
NEUVILLE-SAINT-REMY,59428,DECES ,2000,20000131,1
NEUVILLE-SAINT-REMY,59428,DECES ,2000,20000113,1
NEUVILLE-SAINT-REMY,59428,DECES ,2000,20000112,1
NEUVILLE-SAINT-REMY,59428,DECES ,2000,20000106,1
NEUVILLE-SAINT-REMY,59428,DECES ,2000,20000102,1
NEUVILLE-SAINT-REMY,59428,DECES ,1999,19991229,1
NEUVILLE-SAINT-REMY,59428,DECES ,1999,19991219,1
NEUVILLE-SAINT-REMY,59428,DECES ,1999,19991031,1
NEUVILLE-SAINT-REMY,59428,DECES ,1999,19991027,1
NEUVILLE-SAINT-REMY,59428,DECES ,2002,19990926,1
NEUVILLE-SAINT-REMY,59428,DECES ,1999,19990923,1
NEUVILLE-SAINT-REMY,59428,DECES ,1999,19990915,1
NEUVILLE-SAINT-REMY,59428,DECES ,1999,19990912,1
NEUVILLE-SAINT-REMY,59428,DECES ,1999,19990812,1
NEUVILLE-SAINT-REMY,59428,DECES ,1999,19990723,1
NEUVILLE-SAINT-REMY,59428,DECES ,1999,19990721,1
NEUVILLE-SAINT-REMY,59428,DECES ,1999,19990627,1
NEUVILLE-SAINT-REMY,59428,DECES ,1999,19990526,1
NEUVILLE-SAINT-REMY,59428,DECES ,1999,19990423,1
NEUVILLE-SAINT-REMY,59428,DECES ,1999,19990421,1
NEUVILLE-SAINT-REMY,59428,DECES ,1999,19990321,1
NEUVILLE-SAINT-REMY,59428,DECES ,1995,19990307,1
NEUVILLE-SAINT-REMY,59428,DECES ,1999,19990116,1
NEUVILLE-SAINT-REMY,59428,DECES ,1999,19990115,1
NEUVILLE-SAINT-REMY,59428,DECES ,1999,19990106,1
NEUVILLE-SAINT-REMY,59428,DECES ,1998,19981229,1
NEUVILLE-SAINT-REMY,59428,DECES ,1998,19981223,1
NEUVILLE-SAINT-REMY,59428,DECES ,1998,19981211,1
NEUVILLE-SAINT-REMY,59428,DECES ,1998,19981030,1
NEUVILLE-SAINT-REMY,59428,DECES ,1998,19981005,1
NEUVILLE-SAINT-REMY,59428,DECES ,1998,19981003,1
NEUVILLE-SAINT-REMY,59428,DECES ,1998,19980627,1
NEUVILLE-SAINT-REMY,59428,DECES ,1998,19980601,1
NEUVILLE-SAINT-REMY,59428,DECES ,1998,19980525,1
NEUVILLE-SAINT-REMY,59428,DECES ,1998,19980515,1
NEUVILLE-SAINT-REMY,59428,DECES ,1998,19980418,1
NEUVILLE-SAINT-REMY,59428,DECES ,1998,19980410,1
NEUVILLE-SAINT-REMY,59428,DECES ,1998,19980401,1
NEUVILLE-SAINT-REMY,59428,DECES ,1998,19980330,1
NEUVILLE-SAINT-REMY,59428,DECES ,1998,19980327,1
NEUVILLE-SAINT-REMY,59428,DECES ,1998,19980323,1
NEUVILLE-SAINT-REMY,59428,DECES ,1998,19980318,1
NEUVILLE-SAINT-REMY,59428,DECES ,1998,19980304,1
NEUVILLE-SAINT-REMY,59428,DECES ,1998,19980221,1
NEUVILLE-SAINT-REMY,59428,DECES ,1998,19980129,1
NEUVILLE-SAINT-REMY,59428,DECES ,1997,19971221,1
NEUVILLE-SAINT-REMY,59428,DECES ,1997,19971214,1
NEUVILLE-SAINT-REMY,59428,DECES ,1997,19971213,1
NEUVILLE-SAINT-REMY,59428,DECES ,1997,19971119,1
NEUVILLE-SAINT-REMY,59428,DECES ,1997,19971112,1
NEUVILLE-SAINT-REMY,59428,DECES ,1997,19971017,1
NEUVILLE-SAINT-REMY,59428,DECES ,1997,19971009,1
NEUVILLE-SAINT-REMY,59428,DECES ,1997,19970905,1
NEUVILLE-SAINT-REMY,59428,DECES ,1997,19970825,1
NEUVILLE-SAINT-REMY,59428,DECES ,1997,19970823,1
NEUVILLE-SAINT-REMY,59428,DECES ,1997,19970805,1
NEUVILLE-SAINT-REMY,59428,DECES ,1997,19970724,1
NEUVILLE-SAINT-REMY,59428,DECES ,1997,19970611,1
NEUVILLE-SAINT-REMY,59428,DECES ,1997,19970513,1
NEUVILLE-SAINT-REMY,59428,DECES ,1997,19970421,1
NEUVILLE-SAINT-REMY,59428,DECES ,1997,19970419,1
NEUVILLE-SAINT-REMY,59428,DECES ,1997,19970207,1
NEUVILLE-SAINT-REMY,59428,DECES ,1996,19961227,1
NEUVILLE-SAINT-REMY,59428,DECES ,1996,19961008,1
NEUVILLE-SAINT-REMY,59428,DECES ,1996,19961001,1
NEUVILLE-SAINT-REMY,59428,DECES ,1996,19960908,1
NEUVILLE-SAINT-REMY,59428,DECES ,1996,19960730,1
NEUVILLE-SAINT-REMY,59428,DECES ,1996,19960725,1
NEUVILLE-SAINT-REMY,59428,DECES ,1996,19960719,1
NEUVILLE-SAINT-REMY,59428,DECES ,1996,19960718,1
NEUVILLE-SAINT-REMY,59428,DECES ,1996,19960626,1
NEUVILLE-SAINT-REMY,59428,DECES ,1996,19960611,1
NEUVILLE-SAINT-REMY,59428,DECES ,1996,19960511,1
NEUVILLE-SAINT-REMY,59428,DECES ,1996,19960312,1
NEUVILLE-SAINT-REMY,59428,DECES ,1996,19960309,1
NEUVILLE-SAINT-REMY,59428,DECES ,1996,19960217,1
NEUVILLE-SAINT-REMY,59428,DECES ,1996,19960216,1
NEUVILLE-SAINT-REMY,59428,DECES ,1996,19960206,1
NEUVILLE-SAINT-REMY,59428,DECES ,1996,19960131,1
NEUVILLE-SAINT-REMY,59428,DECES ,1995,19951230,1
NEUVILLE-SAINT-REMY,59428,DECES ,1995,19951223,1
NEUVILLE-SAINT-REMY,59428,DECES ,1995,19951206,1
NEUVILLE-SAINT-REMY,59428,DECES ,1995,19951028,1
NEUVILLE-SAINT-REMY,59428,DECES ,1995,19951022,1
NEUVILLE-SAINT-REMY,59428,DECES ,1995,19951007,1
NEUVILLE-SAINT-REMY,59428,DECES ,1995,19951003,1
NEUVILLE-SAINT-REMY,59428,DECES ,1995,19950925,1
NEUVILLE-SAINT-REMY,59428,DECES ,1995,19950830,1
NEUVILLE-SAINT-REMY,59428,DECES ,1995,19950813,1
NEUVILLE-SAINT-REMY,59428,DECES ,1995,19950720,1
NEUVILLE-SAINT-REMY,59428,DECES ,1995,19950614,1
NEUVILLE-SAINT-REMY,59428,DECES ,1995,19950522,1
NEUVILLE-SAINT-REMY,59428,DECES ,1995,19950417,1
NEUVILLE-SAINT-REMY,59428,DECES ,1995,19950309,1
NEUVILLE-SAINT-REMY,59428,DECES ,1995,19950302,1
NEUVILLE-SAINT-REMY,59428,DECES ,1995,19950301,1
NEUVILLE-SAINT-REMY,59428,DECES ,1995,19950203,1
NEUVILLE-SAINT-REMY,59428,DECES ,1995,19950202,1
NEUVILLE-SAINT-REMY,59428,DECES ,1995,19950101,1
NEUVILLE-SAINT-REMY,59428,DECES ,1994,19941212,1
NEUVILLE-SAINT-REMY,59428,DECES ,1994,19940922,1
NEUVILLE-SAINT-REMY,59428,DECES ,1994,19940822,1
NEUVILLE-SAINT-REMY,59428,DECES ,1994,19940601,1
NEUVILLE-SAINT-REMY,59428,DECES ,1994,19940410,1
NEUVILLE-SAINT-REMY,59428,DECES ,1994,19940329,1
NEUVILLE-SAINT-REMY,59428,DECES ,1994,19940316,1
NEUVILLE-SAINT-REMY,59428,DECES ,1994,19940228,1
NEUVILLE-SAINT-REMY,59428,DECES ,1994,19940203,1
NEUVILLE-SAINT-REMY,59428,DECES ,1994,19940127,1
NEUVILLE-SAINT-REMY,59428,DECES ,1994,19940104,1
NEUVILLE-SAINT-REMY,59428,DECES ,1993,19931025,1
NEUVILLE-SAINT-REMY,59428,DECES ,1993,19930803,1
NEUVILLE-SAINT-REMY,59428,DECES ,1993,19930730,1
NEUVILLE-SAINT-REMY,59428,DECES ,1993,19930717,1
NEUVILLE-SAINT-REMY,59428,DECES ,1993,19930701,1
NEUVILLE-SAINT-REMY,59428,DECES ,1993,19930626,2
NEUVILLE-SAINT-REMY,59428,DECES ,1993,19930603,1
NEUVILLE-SAINT-REMY,59428,DECES ,1993,19930514,1
NEUVILLE-SAINT-REMY,59428,DECES ,1993,19930502,1
NEUVILLE-SAINT-REMY,59428,DECES ,1993,19930412,1
NEUVILLE-SAINT-REMY,59428,DECES ,1993,19930302,1
NEUVILLE-SAINT-REMY,59428,DECES ,1993,19930228,1
NEUVILLE-SAINT-REMY,59428,DECES ,1993,19930218,1
NEUVILLE-SAINT-REMY,59428,DECES ,1993,19930101,1
NEUVILLE-SAINT-REMY,59428,DECES ,1992,19921221,1
NEUVILLE-SAINT-REMY,59428,DECES ,1992,19921220,1
NEUVILLE-SAINT-REMY,59428,DECES ,1992,19921127,1
NEUVILLE-SAINT-REMY,59428,DECES ,1992,19920924,1
NEUVILLE-SAINT-REMY,59428,DECES ,1992,19920824,2
NEUVILLE-SAINT-REMY,59428,DECES ,1992,19920518,1
NEUVILLE-SAINT-REMY,59428,DECES ,1992,19920309,1
NEUVILLE-SAINT-REMY,59428,DECES ,1992,19920220,1
NEUVILLE-SAINT-REMY,59428,DECES ,1992,19920217,1
NEUVILLE-SAINT-REMY,59428,DECES ,1992,19920216,1
NEUVILLE-SAINT-REMY,59428,DECES ,1991,19911207,1
NEUVILLE-SAINT-REMY,59428,DECES ,1991,19911126,1
NEUVILLE-SAINT-REMY,59428,DECES ,1991,19911118,1
NEUVILLE-SAINT-REMY,59428,DECES ,1991,19911104,1
NEUVILLE-SAINT-REMY,59428,DECES ,1991,19910930,1
NEUVILLE-SAINT-REMY,59428,DECES ,1991,19910920,1
NEUVILLE-SAINT-REMY,59428,DECES ,1991,19910728,1
NEUVILLE-SAINT-REMY,59428,DECES ,1991,19910629,1
NEUVILLE-SAINT-REMY,59428,DECES ,1991,19910623,1
NEUVILLE-SAINT-REMY,59428,DECES ,1991,19910612,1
NEUVILLE-SAINT-REMY,59428,DECES ,1991,19910611,1
NEUVILLE-SAINT-REMY,59428,DECES ,1991,19910529,1
NEUVILLE-SAINT-REMY,59428,DECES ,1991,19910408,1
NEUVILLE-SAINT-REMY,59428,DECES ,1991,19910403,1
NEUVILLE-SAINT-REMY,59428,DECES ,1991,19910328,1
NEUVILLE-SAINT-REMY,59428,DECES ,1991,19910312,1
NEUVILLE-SAINT-REMY,59428,DECES ,1991,19910217,1
NEUVILLE-SAINT-REMY,59428,DECES ,1991,19910208,1
NEUVILLE-SAINT-REMY,59428,DECES ,1991,19910107,1
NEUVILLE-SAINT-REMY,59428,DECES ,1990,19901220,1
NEUVILLE-SAINT-REMY,59428,DECES ,1990,19901103,1
NEUVILLE-SAINT-REMY,59428,DECES ,1990,19900928,1
NEUVILLE-SAINT-REMY,59428,DECES ,1990,19900831,1
NEUVILLE-SAINT-REMY,59428,DECES ,1990,19900810,1
NEUVILLE-SAINT-REMY,59428,DECES ,1990,19900808,1
NEUVILLE-SAINT-REMY,59428,DECES ,1990,19900711,1
NEUVILLE-SAINT-REMY,59428,DECES ,1990,19900704,1
NEUVILLE-SAINT-REMY,59428,DECES ,1990,19900530,1
NEUVILLE-SAINT-REMY,59428,DECES ,1990,19900514,1
NEUVILLE-SAINT-REMY,59428,DECES ,1990,19900417,1
NEUVILLE-SAINT-REMY,59428,DECES ,1990,19900415,1
NEUVILLE-SAINT-REMY,59428,DECES ,1990,19900329,1
NEUVILLE-SAINT-REMY,59428,DECES ,1990,19900312,1
NEUVILLE-SAINT-REMY,59428,DECES ,1990,19900219,1
NEUVILLE-SAINT-REMY,59428,DECES ,1990,19900129,1
NEUVILLE-SAINT-REMY,59428,DECES ,1990,19900122,1
NEUVILLE-SAINT-REMY,59428,DECES ,1990,19900118,1
NEUVILLE-SAINT-REMY,59428,DECES ,1989,19891224,1
NEUVILLE-SAINT-REMY,59428,DECES ,1989,19891223,1
NEUVILLE-SAINT-REMY,59428,DECES ,1989,19891201,1
NEUVILLE-SAINT-REMY,59428,DECES ,1989,19890915,1
NEUVILLE-SAINT-REMY,59428,DECES ,1989,19890905,1
NEUVILLE-SAINT-REMY,59428,DECES ,1989,19890827,1
NEUVILLE-SAINT-REMY,59428,DECES ,1989,19890817,1
NEUVILLE-SAINT-REMY,59428,DECES ,1989,19890811,1
NEUVILLE-SAINT-REMY,59428,DECES ,1989,19890708,1
NEUVILLE-SAINT-REMY,59428,DECES ,1989,19890520,1
NEUVILLE-SAINT-REMY,59428,DECES ,1989,19890519,1
NEUVILLE-SAINT-REMY,59428,DECES ,1989,19890430,1
NEUVILLE-SAINT-REMY,59428,DECES ,1989,19890401,1
NEUVILLE-SAINT-REMY,59428,DECES ,1989,19890328,1
NEUVILLE-SAINT-REMY,59428,DECES ,1989,19890313,1
NEUVILLE-SAINT-REMY,59428,DECES ,1989,19890302,1
NEUVILLE-SAINT-REMY,59428,DECES ,1989,19890111,1
NEUVILLE-SAINT-REMY,59428,DECES ,1988,19881101,1
NEUVILLE-SAINT-REMY,59428,DECES ,1988,19881031,1
NEUVILLE-SAINT-REMY,59428,DECES ,1988,19880918,1
NEUVILLE-SAINT-REMY,59428,DECES ,1988,19880915,1
NEUVILLE-SAINT-REMY,59428,DECES ,1988,19880904,1
NEUVILLE-SAINT-REMY,59428,DECES ,1988,19880606,1
NEUVILLE-SAINT-REMY,59428,DECES ,1988,19880524,1
NEUVILLE-SAINT-REMY,59428,DECES ,1988,19880508,1
NEUVILLE-SAINT-REMY,59428,DECES ,1988,19880504,1
NEUVILLE-SAINT-REMY,59428,DECES ,1988,19880503,1
NEUVILLE-SAINT-REMY,59428,DECES ,1988,19880407,1
NEUVILLE-SAINT-REMY,59428,DECES ,1988,19880327,1
NEUVILLE-SAINT-REMY,59428,DECES ,1988,19880310,1
NEUVILLE-SAINT-REMY,59428,DECES ,1988,19880226,1
NEUVILLE-SAINT-REMY,59428,DECES ,1988,19880224,1
NEUVILLE-SAINT-REMY,59428,DECES ,1988,19880125,1
NEUVILLE-SAINT-REMY,59428,DECES ,1988,19880102,1
NEUVILLE-SAINT-REMY,59428,DECES ,1987,19871028,1
NEUVILLE-SAINT-REMY,59428,DECES ,1987,19871011,1
NEUVILLE-SAINT-REMY,59428,DECES ,1987,19871005,1
NEUVILLE-SAINT-REMY,59428,DECES ,1987,19871001,1
NEUVILLE-SAINT-REMY,59428,DECES ,1987,19870917,1
NEUVILLE-SAINT-REMY,59428,DECES ,1987,19870916,1
NEUVILLE-SAINT-REMY,59428,DECES ,1987,19870717,1
NEUVILLE-SAINT-REMY,59428,DECES ,1987,19870704,1
NEUVILLE-SAINT-REMY,59428,DECES ,1987,19870404,1
NEUVILLE-SAINT-REMY,59428,DECES ,1987,19870320,1
NEUVILLE-SAINT-REMY,59428,DECES ,1987,19870112,1
NEUVILLE-SAINT-REMY,59428,DECES ,1987,19870106,1
NEUVILLE-SAINT-REMY,59428,DECES ,1986,19861224,1
NEUVILLE-SAINT-REMY,59428,DECES ,1986,19861223,1
NEUVILLE-SAINT-REMY,59428,DECES ,1986,19861218,1
NEUVILLE-SAINT-REMY,59428,DECES ,1986,19861205,1
NEUVILLE-SAINT-REMY,59428,DECES ,1986,19861113,1
NEUVILLE-SAINT-REMY,59428,DECES ,1986,19861009,1
NEUVILLE-SAINT-REMY,59428,DECES ,1986,19860727,1
NEUVILLE-SAINT-REMY,59428,DECES ,1986,19860717,1
NEUVILLE-SAINT-REMY,59428,DECES ,1986,19860710,1
NEUVILLE-SAINT-REMY,59428,DECES ,1986,19860620,1
NEUVILLE-SAINT-REMY,59428,DECES ,1986,19860406,1
NEUVILLE-SAINT-REMY,59428,DECES ,1986,19860129,1
NEUVILLE-SAINT-REMY,59428,DECES ,1986,19860122,1
NEUVILLE-SAINT-REMY,59428,DECES ,1986,19860110,1
NEUVILLE-SAINT-REMY,59428,DECES ,1985,19851216,1
NEUVILLE-SAINT-REMY,59428,DECES ,1985,19851207,1
NEUVILLE-SAINT-REMY,59428,DECES ,1985,19851104,1
NEUVILLE-SAINT-REMY,59428,DECES ,1985,19851009,1
NEUVILLE-SAINT-REMY,59428,DECES ,1985,19850912,1
NEUVILLE-SAINT-REMY,59428,DECES ,1985,19850814,1
NEUVILLE-SAINT-REMY,59428,DECES ,1985,19850612,1
NEUVILLE-SAINT-REMY,59428,DECES ,1985,19850523,1
NEUVILLE-SAINT-REMY,59428,DECES ,1985,19850512,1
NEUVILLE-SAINT-REMY,59428,DECES ,1985,19850412,1
NEUVILLE-SAINT-REMY,59428,DECES ,1985,19850407,1
NEUVILLE-SAINT-REMY,59428,DECES ,1985,19850321,1
NEUVILLE-SAINT-REMY,59428,DECES ,1985,19850301,1
NEUVILLE-SAINT-REMY,59428,DECES ,1985,19850221,1
NEUVILLE-SAINT-REMY,59428,DECES ,1985,19850213,1
NEUVILLE-SAINT-REMY,59428,DECES ,1984,19841030,1
NEUVILLE-SAINT-REMY,59428,DECES ,1984,19841013,1
NEUVILLE-SAINT-REMY,59428,DECES ,1984,19841010,1
NEUVILLE-SAINT-REMY,59428,DECES ,1984,19840901,1
NEUVILLE-SAINT-REMY,59428,DECES ,1983,19831226,1
NEUVILLE-SAINT-REMY,59428,DECES ,1983,19831222,1
NEUVILLE-SAINT-REMY,59428,DECES ,1983,19831212,1
NEUVILLE-SAINT-REMY,59428,DECES ,1983,19831116,1
NEUVILLE-SAINT-REMY,59428,DECES ,1983,19831112,1
NEUVILLE-SAINT-REMY,59428,DECES ,1983,19831021,1
NEUVILLE-SAINT-REMY,59428,DECES ,1983,19831006,1
NEUVILLE-SAINT-REMY,59428,DECES ,1983,19830919,1
NEUVILLE-SAINT-REMY,59428,DECES ,1983,19830712,1
NEUVILLE-SAINT-REMY,59428,DECES ,1983,19830605,1
NEUVILLE-SAINT-REMY,59428,DECES ,1983,19830324,1
NEUVILLE-SAINT-REMY,59428,DECES ,1983,19830219,1
NEUVILLE-SAINT-REMY,59428,DECES ,1983,19830212,1
NEUVILLE-SAINT-REMY,59428,DECES ,1983,19830208,1
NEUVILLE-SAINT-REMY,59428,DECES ,1983,19830106,1